34, 616, 2019-05-24
62, 241, 2019-01-06
20, 57, 2020-02-01
50, 426, 2020-01-16
34, 61, 2019-07-26
50, 517, 2020-01-26
23, 919, 2019-04-19
48, 795, 2019-11-03
73, 907, 2018-11-20
37, 967, 2020-06-04
45, 700, 2020-04-02
32, 397, 2019-04-21
43, 496, 2018-12-26
58, 421, 2020-07-20
12, 153, 2019-09-06
73, 77, 2020-01-23
18, 848, 2020-03-30
57, 500, 2019-09-21
25, 637, 2020-05-12
50, 988, 2019-05-05
70, 75, 2020-08-14
75, 313, 2018-09-27
54, 138, 2020-08-23
31, 563, 2020-06-02
1, 922, 2019-09-02
59, 498, 2019-11-18
1, 876, 2018-11-04
46, 635, 2019-01-12
15, 838, 2019-07-02
79, 201, 2019-06-19
44, 279, 2019-02-25
66, 164, 2019-09-21
76, 919, 2018-11-11
60, 189, 2019-03-09
32, 354, 2020-09-03
46, 908, 2018-10-09
52, 834, 2020-06-12
61, 521, 2019-07-07
49, 890, 2020-08-23
6, 741, 2018-12-01
15, 834, 2019-05-28
25, 591, 2019-03-26
23, 400, 2018-10-19
53, 462, 2019-05-24
27, 597, 2020-02-06
12, 217, 2019-03-14
59, 796, 2019-12-11
14, 907, 2019-10-03
15, 94, 2020-06-14
68, 163, 2020-05-08
65, 555, 2018-09-27
69, 466, 2019-12-31
68, 392, 2020-01-22
60, 934, 2019-08-06
28, 412, 2020-04-09
45, 414, 2019-02-27
71, 654, 2020-01-30
70, 272, 2019-09-26
62, 673, 2020-05-24
45, 601, 2020-08-17
42, 289, 2020-04-09
3, 329, 2019-03-13
17, 528, 2019-03-03
58, 744, 2020-03-12
69, 111, 2019-01-29
13, 490, 2020-03-19
63, 297, 2019-05-04
74, 452, 2019-12-28
26, 88, 2019-06-23
30, 278, 2018-10-18
14, 604, 2018-12-06
32, 88, 2018-12-17
48, 882, 2019-04-10
75, 236, 2020-01-23
66, 229, 2020-08-26
30, 499, 2019-11-14
74, 147, 2020-03-13
37, 867, 2020-06-29
47, 329, 2019-09-21
64, 385, 2020-03-10
66, 683, 2018-10-21
13, 990, 2019-05-04
79, 174, 2019-09-10
48, 167, 2018-10-30
15, 200, 2018-10-30
6, 196, 2019-01-07
13, 309, 2019-05-08
29, 38, 2018-11-20
14, 489, 2019-06-21
6, 289, 2019-09-20
16, 125, 2020-05-15
74, 971, 2020-05-14
62, 263, 2019-10-04
19, 102, 2019-01-31
69, 427, 2018-12-01
64, 895, 2020-01-17
35, 305, 2018-10-30
8, 309, 2019-03-31
8, 755, 2020-08-29
19, 667, 2019-06-04
25, 192, 2019-09-16
26, 400, 2020-02-08
44, 874, 2018-11-22
12, 837, 2019-02-19
68, 69, 2019-08-26
38, 992, 2019-08-25
40, 631, 2018-12-09
3, 4, 2019-12-31
22, 610, 2019-12-29
7, 94, 2020-01-03
28, 369, 2020-07-07
71, 695, 2019-08-09
42, 567, 2019-10-22
24, 983, 2018-12-30
76, 515, 2019-12-17
50, 358, 2020-05-07
71, 349, 2020-04-01
3, 185, 2019-08-11
4, 854, 2019-10-29
43, 350, 2020-05-28
71, 102, 2019-01-15
43, 323, 2019-06-29
73, 480, 2019-09-10
59, 361, 2019-02-19
3, 765, 2019-11-28
58, 186, 2019-06-02
25, 434, 2020-02-10
72, 960, 2019-02-19
49, 179, 2018-09-21
56, 794, 2019-10-04
69, 518, 2019-08-01
49, 603, 2020-09-01
52, 233, 2019-10-18
57, 836, 2019-09-19
13, 351, 2019-06-13
32, 579, 2019-12-29
8, 72, 2020-05-16
67, 851, 2019-12-29
34, 990, 2020-02-20
50, 237, 2020-08-05
50, 810, 2020-04-11
42, 921, 2019-10-01
24, 361, 2019-04-22
35, 918, 2020-03-15
30, 476, 2020-03-18
47, 925, 2019-05-28
17, 759, 2018-11-06
40, 441, 2018-10-31
80, 807, 2019-11-22
20, 51, 2020-04-18
64, 532, 2019-12-18
1, 576, 2020-02-13
57, 202, 2020-03-24
23, 897, 2020-07-25
44, 717, 2020-01-02
80, 53, 2020-08-22
62, 234, 2019-05-14
7, 86, 2020-02-10
11, 853, 2019-02-03
6, 209, 2020-07-04
45, 924, 2019-07-05
3, 338, 2019-10-31
76, 373, 2020-02-22
54, 64, 2020-02-07
24, 415, 2020-01-13
4, 142, 2019-05-11
36, 495, 2018-09-18
9, 737, 2019-04-14
34, 196, 2020-05-17
14, 218, 2019-12-03
63, 677, 2019-11-06
60, 285, 2020-01-20
73, 542, 2020-04-12
69, 687, 2020-08-13
3, 156, 2020-05-27
68, 632, 2018-11-25
28, 770, 2020-06-02
55, 899, 2019-10-04
45, 224, 2019-01-27
7, 847, 2019-09-18
73, 162, 2020-09-06
18, 813, 2020-09-14
39, 960, 2019-03-18
51, 554, 2019-01-31
61, 462, 2019-08-06
46, 354, 2019-03-09
17, 658, 2019-10-30
7, 46, 2020-09-02
5, 87, 2018-10-31
74, 740, 2019-07-04
17, 99, 2019-11-27
50, 123, 2019-06-25
44, 773, 2020-05-22
26, 10, 2018-11-09
40, 181, 2020-01-27
31, 830, 2018-11-24
63, 197, 2018-10-14
43, 649, 2020-09-14
19, 261, 2020-05-21
47, 60, 2018-10-14
6, 630, 2019-06-19
56, 835, 2019-04-08
44, 996, 2019-03-20
27, 818, 2020-03-03
18, 494, 2020-04-24
47, 398, 2020-08-19
66, 285, 2020-04-01
54, 375, 2019-04-14
68, 303, 2019-06-13
46, 8, 2019-05-15
20, 680, 2020-05-09
76, 79, 2019-12-19
35, 601, 2019-08-22
54, 341, 2020-02-10
25, 236, 2020-08-06
46, 627, 2018-12-18
57, 525, 2020-09-12
2, 922, 2019-07-27
15, 210, 2019-04-15
79, 140, 2020-07-26
39, 180, 2020-07-05
10, 875, 2020-01-04
43, 682, 2020-02-07
48, 594, 2019-08-29
76, 319, 2018-11-01
64, 921, 2019-05-22
72, 923, 2019-12-16
62, 923, 2018-11-20
12, 518, 2019-02-11
66, 959, 2019-05-01
28, 328, 2019-09-10
21, 540, 2018-10-23
70, 852, 2019-01-16
56, 39, 2018-10-17
17, 253, 2019-05-02
75, 165, 2019-02-27
18, 426, 2020-06-29
62, 707, 2020-07-26
6, 466, 2018-11-23
57, 477, 2019-08-03
23, 352, 2020-04-21
29, 684, 2019-09-22
31, 863, 2019-08-10
33, 986, 2018-10-23
67, 995, 2019-02-09
7, 730, 2020-06-05
39, 859, 2020-01-06
11, 771, 2020-04-18
45, 533, 2020-04-05
12, 633, 2019-05-11
35, 971, 2019-03-04
80, 180, 2019-06-18
24, 919, 2020-05-21
38, 943, 2019-09-10
8, 825, 2020-01-08
47, 140, 2020-07-06
36, 985, 2019-06-02
41, 38, 2020-08-29
72, 389, 2020-06-17
13, 341, 2020-01-11
65, 475, 2020-08-16
4, 432, 2020-08-08
71, 17, 2019-04-18
11, 383, 2019-12-03
23, 837, 2020-04-25
47, 559, 2020-06-15
59, 167, 2018-10-13
48, 573, 2020-04-15
38, 538, 2019-12-14
52, 369, 2019-05-26
56, 925, 2020-04-11
51, 35, 2019-07-23
5, 424, 2020-04-04
26, 605, 2020-02-11
7, 849, 2018-12-28
14, 717, 2019-11-23
29, 802, 2019-06-19
24, 367, 2019-11-14
17, 836, 2019-09-19
26, 479, 2019-03-06
79, 495, 2018-11-20
69, 345, 2019-04-19
20, 78, 2019-11-01
23, 910, 2018-10-09
40, 765, 2020-09-03
65, 218, 2020-04-04
22, 880, 2019-02-03
26, 812, 2020-02-29
48, 972, 2020-03-20
20, 117, 2020-07-27
51, 873, 2020-04-27
5, 868, 2018-09-29
30, 339, 2020-07-12
73, 864, 2019-12-01
39, 186, 2019-02-14
61, 112, 2020-07-28
46, 433, 2020-07-31
14, 769, 2020-08-05
57, 240, 2019-08-22
5, 457, 2019-06-11
12, 983, 2018-11-08
4, 753, 2019-01-31
33, 430, 2020-08-18
20, 84, 2018-12-02
13, 148, 2019-11-03
55, 722, 2020-09-15
53, 645, 2018-12-23
33, 682, 2020-01-12
31, 647, 2019-06-22
75, 259, 2019-07-17
54, 596, 2020-07-23
70, 646, 2020-09-11
12, 799, 2018-10-19
8, 641, 2019-07-08
77, 176, 2020-06-20
78, 259, 2020-07-25
15, 814, 2019-10-09
38, 59, 2020-03-16
43, 181, 2020-09-07
42, 715, 2019-04-25
3, 145, 2019-01-30
68, 554, 2020-05-18
65, 351, 2020-06-20
30, 912, 2018-10-18
68, 136, 2020-06-18
14, 255, 2019-06-25
20, 157, 2019-09-15
66, 72, 2020-02-03
14, 832, 2020-07-22
63, 873, 2019-04-10
54, 147, 2019-12-26
25, 262, 2020-04-08
38, 84, 2019-10-06
74, 76, 2019-12-05
45, 628, 2019-10-01
78, 709, 2019-10-02
4, 608, 2019-03-24
45, 975, 2020-05-03
27, 194, 2019-05-14
31, 688, 2020-06-29
17, 732, 2019-02-05
1, 654, 2020-05-12
18, 606, 2019-05-23
66, 817, 2019-08-15
69, 658, 2018-11-15
72, 890, 2019-08-23
2, 704, 2020-04-26
75, 920, 2019-12-17
80, 931, 2018-10-23
75, 935, 2019-09-28
77, 67, 2019-11-21
69, 750, 2020-05-08
9, 612, 2019-06-05
36, 843, 2019-08-08
76, 830, 2020-07-27
79, 215, 2019-02-16
46, 61, 2019-03-24
44, 585, 2019-02-12
28, 351, 2018-11-02
77, 135, 2019-01-04
50, 577, 2019-12-23
11, 964, 2020-03-31
5, 251, 2019-02-13
49, 411, 2019-05-08
38, 355, 2020-07-06
45, 388, 2020-02-24
37, 961, 2019-08-14
73, 695, 2020-01-03
28, 374, 2019-04-05
7, 656, 2019-04-13
37, 193, 2019-04-24
2, 545, 2020-04-20
68, 582, 2020-08-09
67, 521, 2018-10-02
50, 646, 2018-10-12
69, 146, 2020-04-25
23, 370, 2018-09-21
38, 878, 2018-10-30
42, 4, 2020-02-11
67, 88, 2019-05-18
3, 413, 2019-01-01
40, 27, 2019-12-22
5, 849, 2019-08-17
46, 751, 2020-02-22
38, 413, 2020-04-27
32, 54, 2019-05-29
46, 94, 2020-06-01
69, 188, 2019-08-06
28, 987, 2019-10-11
16, 387, 2019-07-14
24, 260, 2019-12-10
46, 673, 2020-08-04
4, 451, 2019-03-31
19, 339, 2020-01-10
66, 406, 2019-12-03
55, 949, 2018-11-15
3, 305, 2020-04-23
39, 311, 2019-11-19
58, 801, 2020-08-25
7, 23, 2019-10-19
66, 95, 2019-12-13
72, 179, 2019-10-09
29, 583, 2018-11-20
69, 931, 2020-01-04
76, 972, 2020-06-11
71, 974, 2019-11-29
66, 673, 2018-11-02
50, 862, 2020-03-23
26, 550, 2020-03-07
33, 105, 2020-03-23
10, 298, 2019-09-07
59, 583, 2020-03-24
5, 514, 2019-08-20
51, 299, 2019-01-14
11, 258, 2020-02-24
16, 831, 2019-03-23
41, 920, 2019-08-12
76, 43, 2020-05-22
20, 419, 2019-04-04
36, 310, 2018-11-21
2, 862, 2020-01-14
3, 266, 2019-03-21
1, 600, 2019-05-20
13, 77, 2018-09-28
67, 673, 2020-06-05
22, 65, 2020-01-20
69, 666, 2020-07-27
41, 146, 2018-09-21
43, 703, 2019-09-28
62, 128, 2018-11-01
9, 459, 2019-06-13
21, 226, 2018-11-04
78, 396, 2019-11-05
49, 371, 2019-02-08
64, 477, 2020-04-26
44, 844, 2019-09-26
53, 802, 2019-03-04
39, 758, 2020-09-14
28, 868, 2018-11-24
56, 890, 2020-05-23
46, 831, 2018-12-19
65, 798, 2019-01-22
47, 399, 2019-02-22
46, 811, 2019-02-15
70, 658, 2018-12-20
54, 470, 2020-06-06
79, 266, 2020-05-19
29, 457, 2020-01-23
25, 614, 2018-10-28
73, 631, 2020-08-29
41, 880, 2019-05-24
6, 475, 2020-07-07
14, 274, 2018-10-01
46, 771, 2019-01-08
57, 380, 2019-06-24
23, 993, 2019-10-13
3, 535, 2019-01-09
3, 433, 2020-09-03
8, 342, 2018-10-07
68, 475, 2018-12-11
45, 62, 2020-03-11
5, 806, 2020-01-17
28, 689, 2020-02-28
54, 638, 2019-02-22
76, 232, 2019-09-28
9, 243, 2018-12-24
79, 356, 2019-11-04
13, 629, 2019-12-11
13, 890, 2020-01-15
55, 714, 2020-03-22
47, 280, 2019-06-19
36, 284, 2020-05-21
53, 290, 2020-06-15
53, 65, 2019-09-10
23, 875, 2018-11-24
23, 478, 2019-05-04
65, 999, 2019-12-25
17, 14, 2019-08-11
12, 394, 2020-02-11
13, 593, 2018-11-16
67, 956, 2018-09-28
77, 29, 2019-10-04
45, 938, 2020-05-25
25, 52, 2018-11-09
24, 580, 2020-09-02
8, 835, 2020-05-25
3, 94, 2019-12-26
52, 747, 2020-01-19
14, 678, 2019-11-16
35, 860, 2019-08-20
47, 723, 2019-09-24
9, 790, 2020-06-20
43, 386, 2019-10-30
49, 137, 2019-05-31
6, 370, 2019-08-13
57, 33, 2019-09-04
5, 611, 2019-07-26
44, 107, 2019-11-17
26, 411, 2020-07-08
76, 128, 2020-06-27
21, 826, 2020-05-06
2, 857, 2018-10-12
39, 191, 2019-02-14
20, 711, 2018-10-25
65, 59, 2019-04-07
22, 836, 2020-05-17
34, 382, 2019-07-21
30, 573, 2020-02-28
3, 978, 2020-03-30
71, 600, 2020-02-05
10, 983, 2020-06-20
46, 675, 2020-01-27
8, 249, 2019-03-08
4, 658, 2018-12-17
44, 762, 2019-10-23
59, 64, 2019-08-20
15, 19, 2019-11-05
79, 275, 2020-07-08
26, 286, 2020-07-06
32, 650, 2019-06-03
42, 890, 2020-04-12
68, 282, 2019-12-06
40, 502, 2020-05-07
52, 577, 2019-07-03
75, 724, 2019-05-24
7, 4, 2019-02-16
11, 308, 2020-09-07
35, 208, 2018-11-19
7, 395, 2019-03-19
5, 373, 2020-02-04
9, 725, 2019-01-20
9, 307, 2019-04-15
15, 192, 2019-05-26
11, 182, 2020-07-31
42, 82, 2019-03-09
22, 101, 2020-04-08
64, 339, 2018-11-20
42, 506, 2018-12-13
35, 437, 2019-06-18
79, 280, 2019-10-30
35, 843, 2019-10-09
58, 844, 2019-03-11
16, 505, 2019-12-07
23, 349, 2020-08-04
1, 336, 2020-09-08
22, 544, 2020-07-02
4, 505, 2019-10-23
31, 559, 2020-09-05
29, 712, 2019-06-03
19, 69, 2019-03-10
37, 328, 2020-03-01
33, 986, 2019-08-17
10, 704, 2019-09-16
42, 470, 2018-12-20
31, 622, 2019-03-31
63, 108, 2019-03-22
55, 561, 2018-11-06
77, 419, 2019-01-13
34, 880, 2019-04-14
10, 463, 2020-06-02
11, 140, 2020-01-30
46, 675, 2020-09-02
2, 555, 2019-11-19
78, 254, 2019-03-14
68, 553, 2019-03-25
24, 259, 2019-03-14
54, 949, 2020-03-01
45, 640, 2020-01-27
12, 750, 2019-05-06
40, 577, 2018-10-10
32, 340, 2020-06-30
38, 953, 2019-01-13
62, 245, 2019-12-14
64, 373, 2019-09-11
29, 121, 2019-02-16
11, 460, 2020-03-17
5, 635, 2019-05-09
37, 261, 2019-12-01
1, 999, 2019-02-11
38, 869, 2019-05-02
47, 696, 2019-06-28
32, 113, 2018-09-22
11, 367, 2019-06-01
42, 425, 2020-06-19
34, 531, 2019-08-25
47, 707, 2019-01-28
72, 534, 2020-07-31
50, 906, 2019-11-26
44, 256, 2019-08-30
28, 526, 2018-11-04
18, 717, 2020-01-26
55, 100, 2019-01-01
19, 770, 2019-06-10
43, 56, 2019-05-14
56, 407, 2018-10-16
40, 991, 2018-11-05
7, 880, 2019-09-20
46, 92, 2020-02-08
54, 272, 2019-08-13
42, 470, 2019-01-20
48, 413, 2020-04-22
1, 406, 2019-08-05
21, 179, 2019-07-14
10, 91, 2019-09-16
74, 44, 2020-07-05
19, 67, 2019-09-30
45, 393, 2020-04-25
27, 685, 2020-07-03
53, 369, 2020-03-18
5, 981, 2020-04-26
73, 745, 2020-09-15
24, 55, 2018-12-18
70, 137, 2019-05-09
43, 658, 2019-08-26
46, 763, 2020-04-16
14, 72, 2020-07-29
66, 930, 2020-09-04
14, 713, 2020-03-11
25, 568, 2020-03-09
18, 826, 2020-06-23
21, 551, 2019-10-13
35, 772, 2020-05-17
38, 842, 2020-01-11
55, 800, 2018-09-27
45, 783, 2019-03-03
72, 737, 2020-06-19
23, 264, 2020-08-21
65, 818, 2019-04-09
52, 944, 2019-11-03
66, 262, 2020-05-17
42, 155, 2020-02-12
58, 23, 2019-07-06
8, 642, 2020-06-14
1, 591, 2019-11-11
10, 673, 2020-04-06
34, 772, 2019-01-11
39, 564, 2020-09-15
43, 17, 2020-07-23
11, 596, 2019-06-12
21, 243, 2019-08-14
32, 800, 2019-02-21
9, 886, 2019-06-14
25, 692, 2020-01-24
40, 941, 2020-07-24
42, 551, 2018-09-22
40, 291, 2018-11-08
59, 617, 2019-05-30
48, 590, 2019-09-08
57, 622, 2019-08-20
1, 964, 2020-05-10
37, 436, 2018-09-24
51, 88, 2018-09-24
29, 993, 2020-07-14
27, 430, 2018-11-16
64, 564, 2020-03-25
70, 24, 2019-05-07
28, 900, 2019-11-14
7, 855, 2019-06-20
31, 984, 2019-06-12
31, 663, 2020-01-28
17, 159, 2019-05-12
47, 922, 2019-03-14
42, 856, 2020-08-01
57, 781, 2020-04-07
60, 611, 2019-05-08
72, 485, 2020-04-04
8, 991, 2019-02-01
51, 845, 2020-01-10
47, 43, 2019-07-22
55, 604, 2019-05-08
32, 133, 2018-12-22
35, 64, 2019-04-27
13, 875, 2019-09-26
71, 56, 2019-11-15
72, 297, 2019-11-10
49, 989, 2020-08-02
79, 810, 2019-04-01
9, 128, 2019-12-14
66, 457, 2019-05-12
29, 421, 2019-08-05
26, 667, 2020-03-25
49, 826, 2020-01-09
8, 459, 2019-09-12
30, 767, 2018-10-14
20, 277, 2019-07-24
26, 442, 2019-03-10
64, 61, 2019-02-25
36, 173, 2019-07-18
42, 930, 2018-11-24
41, 239, 2019-06-18
53, 278, 2020-05-28
20, 104, 2019-12-01
8, 929, 2019-12-27
44, 345, 2018-11-24
3, 374, 2018-11-09
78, 590, 2019-12-11
70, 784, 2019-02-12
21, 718, 2020-06-29
23, 353, 2019-09-20
52, 557, 2018-11-08
54, 827, 2020-05-11
11, 821, 2018-12-22
71, 810, 2018-10-24
60, 257, 2019-12-12
62, 365, 2020-07-30
78, 27, 2020-04-12
3, 593, 2020-01-11
18, 63, 2019-03-11
62, 159, 2019-10-22
22, 628, 2019-03-31
72, 338, 2019-08-25
41, 926, 2020-08-27
20, 52, 2020-08-18
43, 669, 2020-01-21
66, 708, 2019-01-10
15, 183, 2018-10-25
52, 894, 2019-10-25
60, 204, 2018-12-18
12, 898, 2019-02-12
24, 725, 2020-01-28
3, 570, 2019-12-28
33, 692, 2020-08-11
29, 975, 2019-04-19
11, 29, 2019-05-13
78, 156, 2019-06-05
34, 509, 2019-06-15
60, 376, 2018-09-27
35, 458, 2019-09-05
80, 493, 2018-11-16
52, 623, 2020-07-03
12, 346, 2020-09-15
58, 813, 2020-05-08
34, 964, 2020-01-07
2, 473, 2018-12-10
55, 351, 2020-02-19
27, 646, 2018-12-10
58, 328, 2019-01-11
49, 369, 2019-08-09
23, 661, 2019-09-22
22, 205, 2019-10-23
14, 508, 2019-12-16
22, 397, 2019-02-13
17, 510, 2020-01-05
8, 258, 2019-10-22
36, 400, 2020-07-30
50, 814, 2019-03-16
79, 468, 2018-11-02
43, 193, 2019-12-10
7, 384, 2018-09-22
27, 844, 2020-09-03
72, 133, 2019-05-23
61, 122, 2020-02-02
66, 96, 2018-12-04
70, 80, 2018-12-14
41, 982, 2018-10-12
37, 945, 2020-08-21
44, 114, 2020-01-31
72, 248, 2020-09-08
28, 637, 2020-01-03
53, 237, 2019-02-16
47, 221, 2020-07-26
36, 520, 2020-05-05
3, 711, 2019-05-25
59, 318, 2019-02-26
10, 435, 2019-06-04
80, 888, 2020-03-17
53, 524, 2020-01-05
45, 368, 2020-07-13
54, 800, 2019-09-19
28, 139, 2020-04-22
3, 197, 2019-10-19
67, 825, 2019-09-24
30, 992, 2018-10-02
34, 278, 2019-12-29
71, 604, 2020-05-07
30, 10, 2019-01-27
62, 427, 2019-06-04
22, 714, 2019-04-10
21, 356, 2020-08-16
28, 276, 2018-09-23
12, 759, 2018-10-16
21, 194, 2018-10-20
36, 339, 2020-03-09
63, 521, 2019-06-25
68, 177, 2018-12-02
37, 820, 2019-06-04
27, 65, 2020-08-17
36, 762, 2019-12-13
1, 190, 2018-10-15
57, 26, 2020-05-28
23, 242, 2019-10-18
48, 648, 2020-01-30
9, 351, 2020-07-19
79, 312, 2019-03-22
15, 789, 2020-07-26
79, 36, 2020-06-28
75, 682, 2019-02-12
78, 988, 2019-09-11
70, 37, 2019-01-20
47, 696, 2019-07-31
59, 773, 2020-05-02
37, 951, 2020-05-21
56, 618, 2018-12-25
66, 959, 2019-10-09
67, 274, 2019-04-30
12, 260, 2020-03-03
22, 757, 2019-02-05
39, 320, 2019-01-06
22, 700, 2020-07-26
60, 654, 2020-01-19
36, 473, 2018-10-21
55, 810, 2019-04-16
77, 732, 2019-09-07
67, 808, 2019-01-16
80, 912, 2020-07-04
27, 924, 2020-03-06
20, 22, 2019-09-16
45, 103, 2019-02-16
36, 320, 2019-10-22
35, 996, 2020-08-16
67, 447, 2018-10-12
68, 598, 2020-03-23
72, 104, 2020-04-20
7, 586, 2019-06-17
25, 781, 2019-12-18
54, 42, 2019-06-10
37, 740, 2020-03-01
77, 863, 2018-11-01
54, 231, 2019-04-01
18, 598, 2018-11-22
62, 37, 2019-07-09
55, 513, 2019-12-19
23, 152, 2020-05-12
78, 627, 2019-12-11
55, 10, 2019-07-20
22, 617, 2020-02-20
47, 726, 2020-02-21
57, 963, 2019-06-04
8, 181, 2019-04-21
12, 931, 2019-01-30
5, 22, 2018-10-19
16, 239, 2019-03-01
12, 351, 2019-03-03
25, 825, 2018-10-05
32, 195, 2019-11-03
33, 633, 2019-03-27
23, 338, 2018-09-18
36, 994, 2019-03-09
35, 637, 2019-10-22
54, 276, 2019-09-28
76, 117, 2019-03-24
8, 292, 2020-07-12
54, 121, 2020-07-21
39, 194, 2019-07-02
53, 756, 2019-06-11
76, 288, 2018-12-24
37, 864, 2020-09-02
71, 248, 2019-06-30
37, 690, 2018-10-30
15, 287, 2019-03-08
27, 120, 2018-09-29
39, 648, 2019-07-18
73, 223, 2020-08-20
69, 696, 2019-11-16
48, 633, 2019-02-03
5, 496, 2020-01-04
47, 726, 2019-08-11
1, 685, 2020-06-11
14, 894, 2020-04-15
56, 412, 2020-08-17
71, 518, 2019-09-06
33, 41, 2019-02-25
65, 134, 2019-05-24
76, 340, 2018-12-23
62, 231, 2019-05-25
38, 776, 2019-06-16
59, 732, 2019-10-29
32, 293, 2020-03-14
10, 529, 2018-11-08
72, 713, 2019-04-24
52, 906, 2019-11-01
3, 866, 2019-12-31
62, 666, 2019-01-04
22, 706, 2019-08-17
74, 689, 2019-02-18
42, 316, 2020-02-10
24, 492, 2019-02-16
72, 537, 2020-06-01
78, 951, 2020-03-08
80, 712, 2019-08-29
58, 318, 2019-02-25
19, 831, 2019-04-03
53, 72, 2020-08-17
6, 284, 2019-11-28
47, 83, 2020-08-20
61, 182, 2019-08-14
15, 10, 2020-08-05
72, 25, 2018-12-04
19, 64, 2020-08-12
71, 382, 2018-11-10
13, 416, 2019-01-24
64, 736, 2019-10-25
13, 269, 2019-03-14
30, 448, 2019-01-09
33, 850, 2020-05-19
37, 542, 2019-03-26
32, 207, 2018-11-28
30, 91, 2020-01-26
6, 359, 2019-09-05
75, 597, 2019-01-10
77, 834, 2018-10-04
10, 665, 2019-02-16
38, 249, 2020-02-14
43, 250, 2020-05-28
2, 27, 2019-01-24
49, 254, 2019-05-31
73, 19, 2019-03-02
19, 403, 2020-02-17
59, 189, 2019-06-07
60, 845, 2020-07-09
31, 454, 2019-04-10
49, 862, 2018-11-28
40, 673, 2019-11-16
6, 873, 2018-11-13
55, 346, 2018-09-18
61, 26, 2019-10-18
17, 9, 2020-07-15
73, 283, 2019-05-16
52, 422, 2019-11-18
63, 350, 2020-02-24
40, 279, 2020-03-24
35, 854, 2020-05-17
30, 886, 2020-02-17
78, 272, 2020-03-12
31, 515, 2020-04-08
45, 482, 2018-10-22
28, 40, 2020-06-25
35, 978, 2019-02-25
39, 223, 2019-12-08
69, 628, 2019-10-16
72, 604, 2018-11-27
22, 44, 2019-12-09
76, 91, 2020-02-02
16, 41, 2020-05-21
48, 454, 2020-03-04
73, 909, 2019-08-04
60, 893, 2019-02-13
66, 591, 2020-08-07
62, 339, 2019-03-03
37, 33, 2020-03-24
58, 77, 2019-03-07
67, 480, 2019-09-28
20, 771, 2020-05-05
40, 592, 2019-03-16
4, 400, 2018-12-26
48, 77, 2019-12-06
80, 504, 2019-01-06
40, 580, 2020-01-03
21, 608, 2020-04-10
76, 563, 2020-05-03
10, 988, 2019-05-30
23, 168, 2020-01-18
75, 94, 2019-05-26
4, 97, 2019-08-18
73, 34, 2020-01-25
41, 841, 2019-08-26
2, 6, 2019-09-23
45, 521, 2020-05-07
28, 771, 2019-10-20
58, 676, 2020-05-18
27, 608, 2019-03-19
62, 148, 2019-08-18
25, 345, 2020-08-29
58, 393, 2020-07-13
20, 304, 2019-10-18
29, 757, 2018-12-27
68, 146, 2019-05-13
55, 516, 2019-04-28
69, 490, 2019-07-02
53, 437, 2019-09-13
3, 139, 2020-01-30
68, 408, 2020-04-19
56, 939, 2019-11-15
76, 930, 2019-04-17
50, 746, 2020-03-04
62, 4, 2020-03-15
3, 858, 2020-02-17
25, 531, 2020-06-20
74, 575, 2018-12-21
53, 937, 2019-04-04
53, 59, 2020-02-19
49, 826, 2020-02-28
29, 61, 2020-03-11
51, 239, 2018-12-14
17, 722, 2019-05-04
31, 217, 2018-09-22
8, 98, 2019-04-07
69, 298, 2018-12-29
33, 97, 2019-09-30
44, 369, 2018-10-13
29, 859, 2019-11-19
35, 538, 2019-07-05
7, 560, 2019-09-25
5, 27, 2018-09-26
75, 74, 2019-09-28
64, 940, 2019-01-03
5, 506, 2019-12-15
67, 493, 2020-03-17
34, 970, 2019-01-17
14, 517, 2019-12-11
47, 35, 2018-12-08
41, 1000, 2018-12-15
53, 55, 2018-12-20
10, 609, 2019-11-06
50, 465, 2019-09-04
50, 223, 2019-07-05
65, 179, 2020-02-29
2, 588, 2020-08-10
79, 347, 2019-09-03
29, 962, 2019-10-02
10, 179, 2019-12-13
18, 862, 2020-02-23
49, 538, 2019-04-30
19, 634, 2018-11-01
18, 201, 2019-06-16
3, 405, 2020-06-22
58, 180, 2020-08-31
59, 89, 2020-01-09
49, 319, 2019-05-19
22, 620, 2020-02-14
37, 311, 2018-11-06
58, 670, 2019-02-20
18, 989, 2019-12-18
10, 481, 2020-04-27
67, 679, 2019-06-18
56, 191, 2020-07-17
36, 541, 2019-12-18
34, 145, 2020-07-09
44, 899, 2020-06-25
60, 729, 2020-02-16
11, 853, 2020-05-21
44, 978, 2018-09-20
49, 912, 2019-09-09
10, 286, 2018-12-26
19, 454, 2019-09-05
32, 915, 2019-04-29
72, 380, 2020-07-05
27, 394, 2019-10-19
50, 353, 2020-05-03
33, 920, 2019-05-26
52, 78, 2020-08-01
74, 884, 2019-12-01
17, 97, 2019-08-08
12, 842, 2018-12-15
77, 327, 2019-08-22
33, 908, 2020-09-13
56, 474, 2019-08-12
32, 634, 2018-12-11
43, 914, 2020-03-28
5, 400, 2020-07-18
20, 541, 2019-11-17
60, 812, 2020-09-05
12, 328, 2019-05-14
26, 322, 2019-12-04
15, 714, 2020-01-16
63, 891, 2020-01-21
70, 790, 2019-02-02
50, 823, 2019-07-18
19, 962, 2018-10-14
17, 408, 2019-10-02
11, 96, 2020-08-22
46, 126, 2018-12-24
66, 315, 2019-01-25
33, 211, 2019-07-30
4, 152, 2020-08-13
15, 63, 2019-07-01
78, 532, 2020-06-29
59, 336, 2019-08-30
62, 287, 2020-01-16
3, 425, 2020-05-19
21, 749, 2019-12-31
36, 729, 2020-07-24
61, 843, 2019-01-27
10, 918, 2020-08-14
64, 93, 2018-11-24
30, 988, 2019-08-07
10, 113, 2019-04-11
61, 372, 2018-10-16
18, 557, 2018-10-21
36, 126, 2019-06-29
22, 986, 2020-06-19
74, 902, 2019-01-16
73, 876, 2019-09-28
25, 936, 2018-10-13
62, 950, 2019-08-16
41, 163, 2019-08-26
66, 717, 2019-04-13
32, 906, 2019-04-20
46, 201, 2019-05-12
13, 417, 2020-03-19
1, 163, 2018-09-18
6, 981, 2019-05-24
76, 12, 2020-04-11
3, 593, 2020-07-02
40, 162, 2018-12-07
34, 449, 2020-08-30
49, 878, 2020-03-04
26, 332, 2020-07-19
15, 369, 2019-10-05
62, 587, 2019-03-29
74, 933, 2019-11-19
16, 996, 2019-07-29
49, 416, 2019-10-30
16, 517, 2018-12-26
6, 93, 2019-10-25
53, 98, 2019-09-13
33, 798, 2018-11-25
10, 78, 2019-09-20
54, 130, 2019-03-25
78, 163, 2020-06-17
12, 238, 2020-08-24
17, 950, 2018-10-04
50, 716, 2020-08-10
54, 25, 2020-08-14
73, 97, 2019-04-07
74, 893, 2020-05-26
79, 937, 2020-06-13
65, 512, 2019-11-22
37, 247, 2018-11-09
43, 650, 2019-02-08
48, 752, 2019-07-15
53, 230, 2019-04-01
78, 935, 2019-06-19
79, 887, 2018-12-02
56, 469, 2019-07-31
47, 862, 2020-04-01
78, 976, 2020-04-29
72, 226, 2020-06-19
23, 84, 2020-02-10
50, 94, 2018-10-20
11, 906, 2019-01-14
40, 496, 2019-06-24
75, 594, 2019-07-13
25, 367, 2020-05-20
37, 513, 2020-07-14
63, 986, 2018-12-06
73, 247, 2019-12-12
29, 653, 2019-01-18
4, 476, 2020-08-15
72, 180, 2019-11-17
5, 900, 2020-03-09
16, 841, 2019-12-04
23, 676, 2019-12-20
9, 226, 2018-10-07
53, 842, 2019-05-07
4, 418, 2020-02-07
74, 194, 2019-07-17
71, 69, 2019-06-05
23, 555, 2019-10-09
7, 397, 2020-09-01
77, 810, 2019-07-05
7, 213, 2019-06-13
9, 284, 2020-03-25
21, 869, 2019-06-15
9, 898, 2020-09-07
69, 714, 2019-11-10
10, 572, 2019-01-06
33, 42, 2019-01-24
38, 701, 2019-08-30
56, 960, 2020-02-03
67, 414, 2019-09-08
70, 462, 2019-04-10
73, 836, 2019-06-18
3, 854, 2019-04-17
63, 447, 2019-07-02
2, 530, 2020-06-04
15, 345, 2020-04-01
38, 641, 2019-09-14
71, 266, 2018-10-28
27, 972, 2020-03-29
70, 901, 2020-05-23
52, 349, 2020-06-17
66, 197, 2019-03-03
70, 39, 2020-01-09
26, 909, 2019-08-26
80, 409, 2020-08-12
43, 260, 2019-09-15
19, 786, 2019-08-11
67, 73, 2019-03-20
21, 418, 2019-03-10
24, 994, 2020-08-05
74, 557, 2019-08-19
53, 282, 2019-07-17
73, 445, 2019-05-08
38, 20, 2019-11-30
49, 831, 2019-08-19
61, 172, 2019-07-22
22, 531, 2019-02-22
3, 44, 2020-07-23
32, 379, 2018-12-27
14, 779, 2019-10-07
76, 967, 2020-04-02
4, 233, 2020-07-04
32, 397, 2019-04-08
28, 296, 2019-10-13
10, 800, 2020-07-30
32, 199, 2020-06-24
30, 231, 2018-10-09
60, 836, 2019-10-17
8, 430, 2019-01-11
68, 199, 2020-08-19
79, 328, 2020-05-08
49, 37, 2020-06-12
56, 965, 2019-11-30
39, 509, 2019-02-10
35, 146, 2019-09-15
46, 229, 2019-07-15
3, 593, 2019-07-07
28, 149, 2019-05-04
32, 874, 2019-12-01
52, 341, 2018-12-09
34, 854, 2020-01-20
35, 291, 2019-05-11
8, 251, 2019-10-01
29, 299, 2019-08-14
68, 455, 2018-12-22
42, 988, 2018-10-26
72, 812, 2019-04-27
5, 782, 2018-12-03
4, 378, 2019-07-27
78, 112, 2019-01-07
1, 982, 2020-06-09
20, 580, 2019-08-16
42, 809, 2020-04-01
8, 395, 2018-12-27
77, 144, 2019-02-21
2, 759, 2019-10-10
5, 847, 2020-04-22
27, 646, 2019-11-24
26, 283, 2020-03-14
60, 268, 2019-02-13
54, 794, 2019-08-11
8, 532, 2019-11-16
69, 802, 2020-08-22
35, 967, 2019-01-12
44, 782, 2020-03-02
77, 218, 2020-07-05
3, 727, 2019-11-21
5, 534, 2020-01-28
50, 970, 2018-10-20
30, 867, 2019-05-09
5, 215, 2020-07-17
42, 906, 2019-10-03
8, 598, 2019-01-06
29, 566, 2018-11-27
12, 251, 2020-06-07
45, 597, 2019-12-06
73, 567, 2019-11-15
8, 67, 2019-07-06
6, 537, 2020-03-15
67, 176, 2019-03-13
43, 493, 2020-05-30
59, 40, 2020-03-25
10, 177, 2018-10-04
6, 23, 2019-10-03
47, 866, 2019-02-26
44, 316, 2019-10-28
62, 744, 2019-06-06
59, 456, 2019-06-12
63, 672, 2019-06-13
57, 801, 2019-01-09
7, 613, 2019-10-31
74, 218, 2020-01-12
52, 227, 2018-12-23
69, 497, 2019-07-19
40, 4, 2020-03-09
48, 109, 2020-05-08
62, 214, 2019-09-20
44, 803, 2019-11-10
33, 688, 2019-07-31
16, 963, 2019-12-13
76, 774, 2020-02-20
4, 173, 2020-04-29
26, 566, 2020-06-27
13, 20, 2019-06-04
36, 831, 2019-10-26
48, 221, 2019-04-29
19, 765, 2019-10-01
62, 74, 2020-03-26
27, 323, 2019-05-29
43, 502, 2020-06-11
63, 981, 2019-04-08
10, 522, 2018-10-08
64, 477, 2018-11-30
48, 341, 2019-11-09
38, 913, 2019-04-12
55, 708, 2019-10-29
6, 521, 2019-09-09
48, 357, 2018-11-25
53, 995, 2019-11-13
6, 330, 2020-07-05
52, 132, 2020-07-08
24, 862, 2020-04-05
23, 309, 2019-10-07
44, 193, 2019-08-19
28, 655, 2019-04-21
28, 565, 2019-02-05
18, 738, 2019-05-18
70, 989, 2019-12-11
76, 804, 2019-06-30
34, 992, 2020-03-23
53, 857, 2019-03-05
22, 372, 2018-12-10
32, 695, 2020-01-05
69, 950, 2019-06-08
35, 887, 2019-07-08
4, 10, 2018-11-23
27, 117, 2019-02-13
59, 959, 2019-07-30
60, 276, 2019-07-26
28, 350, 2020-05-08
22, 620, 2019-03-11
65, 201, 2020-01-01
57, 976, 2020-01-15
26, 469, 2020-08-19
12, 261, 2019-10-11
43, 291, 2019-10-06
47, 345, 2019-11-22
62, 224, 2019-10-20
50, 613, 2020-08-16
2, 220, 2019-09-18
63, 907, 2019-12-12
60, 135, 2019-05-27
42, 696, 2019-10-06
64, 329, 2018-11-01
36, 839, 2020-02-06
43, 608, 2020-03-25
33, 872, 2019-03-01
36, 752, 2019-02-02
74, 269, 2018-10-12
34, 497, 2019-06-01
47, 965, 2020-01-02
50, 129, 2020-02-06
56, 988, 2019-11-20
70, 14, 2019-06-20
28, 314, 2019-10-20
62, 850, 2019-01-22
65, 205, 2018-11-07
69, 783, 2020-03-12
48, 163, 2018-10-07
41, 639, 2020-07-20
52, 2, 2019-08-08
3, 423, 2020-01-27
70, 222, 2019-10-31
4, 829, 2019-03-13
25, 938, 2019-06-15
10, 521, 2019-03-02
31, 512, 2019-04-11
17, 268, 2019-04-20
42, 887, 2019-03-04
38, 497, 2018-11-27
39, 97, 2018-12-31
26, 814, 2018-11-19
72, 483, 2020-06-21
43, 454, 2019-12-22
56, 467, 2019-12-26
20, 219, 2019-01-25
33, 823, 2020-06-02
51, 668, 2020-06-03
3, 937, 2019-02-22
76, 583, 2020-08-23
4, 690, 2018-09-25
7, 337, 2020-02-23
31, 995, 2020-08-18
37, 161, 2019-03-30
70, 498, 2019-12-01
51, 355, 2019-12-27
46, 775, 2020-01-20
49, 543, 2020-01-05
39, 266, 2018-10-06
13, 681, 2019-06-02
53, 721, 2020-08-30
47, 134, 2020-07-15
34, 521, 2018-11-05
10, 131, 2020-03-29
68, 573, 2019-10-04
16, 971, 2019-07-25
70, 30, 2020-07-06
21, 414, 2019-02-27
43, 683, 2019-06-04
53, 426, 2019-12-11
72, 205, 2019-08-19
53, 22, 2019-12-14
36, 683, 2019-10-10
43, 664, 2018-10-30
25, 581, 2019-12-21
34, 131, 2019-12-28
22, 721, 2020-06-13
31, 115, 2019-09-21
40, 417, 2020-03-08
51, 754, 2018-10-20
14, 291, 2019-05-19
71, 655, 2020-08-09
33, 941, 2019-02-14
41, 311, 2019-12-01
70, 744, 2020-04-03
36, 365, 2019-02-08
60, 661, 2018-10-25
14, 878, 2020-02-22
40, 501, 2020-04-29
66, 835, 2018-12-09
2, 30, 2019-02-17
65, 669, 2020-06-16
21, 682, 2020-04-11
67, 882, 2020-06-20
42, 335, 2018-11-04
50, 533, 2019-05-31
56, 770, 2018-12-19
32, 451, 2018-12-10
10, 77, 2020-08-28
79, 358, 2019-01-20
23, 159, 2019-11-19
57, 755, 2018-11-23
71, 192, 2019-08-22
1, 199, 2018-09-30
58, 439, 2019-03-11
20, 259, 2020-07-29
43, 907, 2020-03-31
51, 863, 2020-06-19
18, 446, 2019-11-03
6, 373, 2019-12-04
67, 143, 2019-01-19
43, 343, 2018-10-02
3, 396, 2019-02-11
76, 49, 2019-03-05
53, 392, 2019-03-21
48, 914, 2020-06-04
25, 502, 2019-08-27
66, 363, 2019-12-22
73, 429, 2019-01-27
60, 685, 2019-05-30
4, 1, 2018-11-18
76, 50, 2019-09-18
42, 667, 2020-01-26
21, 694, 2019-11-14
25, 778, 2019-01-21
57, 650, 2020-07-18
15, 512, 2019-12-29
11, 737, 2020-08-15
55, 732, 2019-11-25
74, 3, 2020-08-16
9, 578, 2019-02-26
70, 190, 2020-09-04
31, 669, 2019-08-19
5, 283, 2020-04-25
70, 663, 2018-12-14
8, 149, 2018-11-09
67, 705, 2020-05-06
36, 401, 2020-04-26
5, 251, 2019-10-30
59, 212, 2019-12-13
31, 471, 2020-01-01
65, 128, 2019-06-27
18, 911, 2019-08-25
53, 351, 2018-11-28
62, 890, 2019-07-19
57, 908, 2020-05-04
28, 403, 2020-08-12
9, 335, 2019-04-27
72, 256, 2020-08-09
37, 701, 2018-11-26
27, 626, 2020-04-16
13, 832, 2018-11-30
58, 914, 2020-01-01
65, 322, 2020-05-11
68, 522, 2020-08-23
36, 680, 2018-10-04
15, 119, 2019-10-06
46, 146, 2019-11-22
12, 374, 2019-10-07
18, 264, 2020-06-24
20, 641, 2020-01-08
32, 703, 2019-01-18
61, 357, 2019-10-22
27, 616, 2019-04-08
13, 484, 2020-03-26
67, 670, 2019-03-18
12, 856, 2020-09-08
8, 35, 2020-08-21
59, 297, 2019-12-07
21, 445, 2020-08-02
30, 436, 2019-01-23
6, 618, 2019-03-24
59, 650, 2018-12-25
13, 286, 2020-08-05
37, 522, 2019-05-03
48, 664, 2020-04-18
33, 623, 2019-08-04
65, 543, 2019-09-24
23, 937, 2020-05-04
58, 95, 2019-05-06
27, 97, 2020-03-02
47, 335, 2020-04-20
66, 213, 2019-12-09
21, 909, 2018-10-14
43, 726, 2020-04-18
19, 657, 2020-02-16
33, 36, 2020-07-01
57, 615, 2018-10-23
69, 580, 2020-08-02
57, 815, 2020-01-22
47, 656, 2020-06-18
3, 873, 2019-04-15
76, 118, 2018-12-11
58, 378, 2020-02-26
35, 16, 2020-05-20
48, 32, 2019-01-03
8, 857, 2019-04-17
57, 397, 2020-01-24
35, 453, 2019-11-20
79, 693, 2020-06-03
29, 316, 2018-09-25
22, 5, 2020-05-17
3, 55, 2020-03-14
34, 74, 2020-08-07
75, 145, 2019-01-04
64, 647, 2018-10-04
76, 106, 2019-09-03
12, 980, 2019-01-12
70, 239, 2019-10-11
67, 103, 2020-05-15
48, 122, 2018-12-15
75, 564, 2019-05-28
45, 271, 2019-10-03
57, 685, 2018-11-01
15, 744, 2018-10-01
6, 246, 2019-04-01
7, 369, 2020-09-11
51, 49, 2020-07-11
48, 819, 2020-03-01
59, 911, 2020-04-14
47, 171, 2020-03-21
65, 281, 2020-01-16
10, 576, 2019-11-24
54, 560, 2019-05-19
9, 115, 2019-06-25
43, 608, 2019-08-17
19, 590, 2018-11-08
16, 286, 2018-11-10
51, 198, 2020-08-01
39, 520, 2019-09-25
61, 998, 2019-11-11
23, 808, 2020-01-11
51, 85, 2018-10-18
69, 214, 2019-12-07
61, 807, 2019-09-12
36, 385, 2020-03-10
12, 270, 2019-06-02
33, 290, 2020-03-01
60, 716, 2019-12-18
45, 735, 2020-03-21
58, 868, 2019-10-28
72, 678, 2020-04-21
50, 722, 2020-04-03
39, 672, 2019-12-18
7, 791, 2020-02-28
28, 238, 2019-06-27
3, 106, 2019-12-06
36, 537, 2019-04-23
24, 725, 2018-11-10
64, 799, 2019-11-10
22, 96, 2019-12-03
53, 170, 2020-07-06
77, 728, 2020-05-03
72, 991, 2019-03-12
25, 181, 2019-12-18
76, 215, 2020-05-22
66, 740, 2020-02-22
56, 103, 2020-09-13
48, 434, 2019-09-25
63, 944, 2018-10-01
38, 19, 2019-09-11
53, 62, 2019-04-28
71, 612, 2020-07-12
68, 995, 2019-02-13
60, 741, 2020-03-05
72, 604, 2019-08-22
28, 213, 2018-11-24
24, 146, 2020-09-15
3, 189, 2019-05-03
49, 649, 2020-02-11
41, 577, 2020-08-06
19, 570, 2020-04-06
2, 585, 2019-08-15
76, 3, 2019-11-07
66, 371, 2018-11-08
33, 863, 2020-04-28
68, 296, 2019-05-07
66, 994, 2019-10-28
9, 369, 2020-04-22
54, 302, 2018-09-25
28, 37, 2020-02-04
19, 222, 2019-06-06
79, 663, 2020-03-07
35, 559, 2020-07-14
19, 639, 2019-11-01
72, 40, 2020-01-22
75, 364, 2020-02-23
45, 498, 2019-07-22
31, 287, 2020-05-18
21, 854, 2020-05-18
3, 362, 2020-02-06
70, 482, 2020-03-09
22, 896, 2020-06-12
9, 937, 2019-10-03
66, 340, 2018-10-30
40, 117, 2020-02-09
30, 36, 2020-09-03
62, 83, 2019-04-19
16, 687, 2019-03-11
66, 979, 2018-11-24
71, 584, 2019-06-03
39, 275, 2018-10-02
24, 376, 2019-11-19
47, 935, 2020-07-18
36, 404, 2019-01-26
61, 354, 2020-06-26
45, 470, 2020-07-11
73, 546, 2019-09-24
26, 175, 2019-04-17
23, 733, 2018-11-24
17, 434, 2020-06-13
18, 326, 2018-10-15
30, 143, 2018-10-21
3, 691, 2019-06-09
55, 874, 2020-04-23
16, 361, 2020-05-12
66, 1, 2020-09-16
40, 695, 2019-03-08
63, 847, 2018-09-29
34, 202, 2019-04-01
35, 329, 2020-02-06
29, 486, 2019-09-18
40, 840, 2019-03-08
79, 292, 2019-04-29
80, 245, 2019-12-31
1, 44, 2020-04-26
61, 679, 2019-12-19
28, 580, 2020-09-13
76, 952, 2019-11-03
49, 911, 2019-05-13
4, 994, 2019-10-01
27, 456, 2020-08-11
75, 805, 2020-09-15
46, 702, 2019-08-24
48, 898, 2020-07-15
78, 737, 2020-03-07
35, 612, 2020-06-09
70, 24, 2018-10-31
29, 127, 2020-07-23
62, 176, 2018-12-31
22, 795, 2020-01-28
27, 529, 2019-11-11
60, 360, 2019-07-31
13, 255, 2019-08-06
29, 671, 2018-11-08
68, 376, 2019-12-05
76, 13, 2020-01-27
25, 373, 2018-12-01
14, 425, 2019-10-11
79, 471, 2019-06-30
19, 146, 2019-12-06
69, 271, 2020-06-20
32, 383, 2018-10-07
73, 740, 2020-08-23
34, 101, 2020-06-28
61, 754, 2019-05-29
27, 998, 2019-06-22
6, 25, 2019-06-13
26, 723, 2020-06-25
50, 764, 2019-08-20
69, 591, 2020-08-07
47, 26, 2019-06-07
43, 790, 2020-09-13
37, 649, 2019-06-09
57, 180, 2020-01-25
4, 570, 2020-01-07
9, 473, 2020-09-12
52, 372, 2019-04-27
19, 154, 2020-07-23
21, 403, 2019-12-21
73, 602, 2019-03-07
42, 789, 2020-05-09
19, 884, 2019-03-04
42, 690, 2019-04-08
54, 678, 2020-07-22
2, 691, 2019-04-28
66, 445, 2019-12-14
45, 863, 2019-07-24
15, 700, 2018-09-29
77, 458, 2019-07-02
3, 296, 2019-11-17
8, 978, 2018-10-27
60, 204, 2020-02-04
1, 951, 2020-03-29
36, 849, 2020-08-02
59, 584, 2020-04-08
46, 268, 2019-06-05
15, 370, 2020-08-23
11, 262, 2019-12-24
45, 459, 2019-08-26
44, 377, 2020-06-23
64, 290, 2020-01-16
67, 834, 2020-01-01
16, 570, 2019-11-05
49, 108, 2018-10-27
37, 884, 2019-08-19
14, 867, 2020-05-19
68, 506, 2020-07-09
1, 528, 2020-05-22
51, 542, 2019-01-06
70, 561, 2020-05-19
21, 313, 2019-06-11
54, 736, 2020-01-27
36, 346, 2020-02-01
69, 878, 2020-05-20
3, 641, 2019-05-28
53, 761, 2019-12-06
10, 451, 2020-05-28
3, 444, 2020-02-27
44, 123, 2018-10-09
67, 768, 2019-01-26
26, 734, 2019-04-16
71, 788, 2019-12-20
44, 42, 2018-11-25
27, 254, 2018-11-05
16, 83, 2020-05-05
44, 471, 2019-01-01
29, 216, 2019-06-22
57, 654, 2018-11-26
33, 797, 2020-08-20
43, 714, 2019-12-17
31, 676, 2018-11-23
20, 843, 2018-12-23
47, 721, 2019-12-24
54, 227, 2020-09-05
6, 386, 2018-11-25
54, 149, 2019-01-04
26, 974, 2019-07-20
78, 364, 2020-08-28
16, 880, 2019-06-12
51, 725, 2020-04-17
55, 633, 2020-06-27
4, 694, 2020-07-29
75, 706, 2019-05-07
14, 19, 2019-08-11
19, 491, 2020-02-04
48, 846, 2020-09-01
49, 423, 2019-08-25
64, 792, 2019-12-13
11, 279, 2018-12-25
27, 899, 2020-02-17
25, 277, 2020-03-15
60, 161, 2019-07-04
29, 591, 2018-12-28
10, 364, 2020-03-24
2, 687, 2019-11-21
76, 37, 2019-11-24
5, 82, 2019-07-30
79, 30, 2019-03-09
48, 755, 2019-11-24
77, 320, 2020-05-05
69, 866, 2018-11-26
7, 714, 2020-07-27
63, 79, 2019-05-27
64, 541, 2019-06-20
27, 931, 2018-10-16
3, 379, 2019-10-03
5, 584, 2019-12-22
39, 467, 2019-07-18
45, 478, 2019-04-24
7, 627, 2020-06-27
43, 551, 2019-07-03
43, 235, 2020-05-24
11, 306, 2018-12-31
58, 303, 2020-08-16
17, 986, 2020-04-05
43, 714, 2020-08-22
62, 280, 2018-12-06
46, 810, 2019-06-07
74, 168, 2020-08-16
72, 841, 2019-07-01
11, 209, 2020-03-18
66, 785, 2020-06-23
33, 643, 2020-03-02
69, 293, 2019-07-12
61, 465, 2020-03-26
79, 863, 2019-05-05
63, 156, 2019-12-01
37, 622, 2018-12-18
67, 403, 2019-12-31
52, 576, 2019-02-03
46, 593, 2020-01-02
4, 737, 2018-12-09
13, 841, 2019-06-17
25, 579, 2019-03-23
56, 661, 2020-05-20
30, 17, 2020-04-19
67, 581, 2019-05-18
1, 30, 2019-08-07
3, 932, 2020-09-10
68, 745, 2019-06-24
65, 88, 2020-09-12
76, 735, 2019-09-06
64, 634, 2019-01-08
47, 559, 2019-12-08
49, 247, 2020-09-04
56, 195, 2018-10-19
56, 806, 2018-10-02
42, 991, 2019-10-09
23, 40, 2020-02-21
78, 745, 2019-12-12
32, 701, 2019-10-23
19, 738, 2020-01-26
62, 436, 2019-10-26
72, 558, 2018-09-19
66, 443, 2019-08-08
49, 380, 2019-03-25
22, 660, 2019-06-18
55, 378, 2020-04-20
74, 607, 2018-09-23
42, 445, 2020-05-07
27, 580, 2020-03-21
8, 401, 2019-08-08
53, 941, 2018-10-28
20, 474, 2018-11-07
58, 398, 2019-10-16
6, 160, 2020-03-14
28, 621, 2020-01-19
51, 93, 2018-12-12
43, 596, 2019-09-04
5, 709, 2020-07-10
35, 252, 2019-11-22
7, 117, 2019-03-08
53, 811, 2019-07-11
14, 387, 2020-04-08
21, 835, 2018-10-26
65, 403, 2018-12-25
2, 956, 2019-07-18
8, 705, 2020-07-24
64, 716, 2019-10-07
68, 137, 2019-11-22
48, 999, 2019-11-17
12, 444, 2019-01-26
28, 451, 2019-09-24
27, 550, 2019-09-14
3, 392, 2020-01-02
21, 812, 2018-12-04
14, 484, 2019-10-25
4, 375, 2020-08-10
77, 302, 2019-11-24
29, 851, 2018-12-14
2, 585, 2019-05-15
73, 202, 2019-12-31
6, 72, 2019-04-07
32, 886, 2020-05-28
14, 548, 2019-04-23
9, 791, 2020-04-26
39, 904, 2019-08-16
40, 361, 2019-09-26
60, 710, 2019-06-14
44, 879, 2020-06-02
51, 948, 2019-02-16
18, 635, 2020-02-08
40, 592, 2018-09-27
10, 220, 2019-07-15
22, 373, 2019-08-21
57, 97, 2018-09-24
37, 12, 2020-02-25
37, 252, 2020-02-25
72, 760, 2019-08-27
50, 116, 2019-02-07
41, 350, 2018-11-26
18, 702, 2019-07-06
73, 816, 2018-10-03
21, 999, 2020-05-26
24, 511, 2020-01-13
46, 923, 2020-02-17
20, 442, 2019-07-17
22, 550, 2020-02-05
59, 769, 2018-12-07
71, 953, 2019-02-07
14, 799, 2020-02-22
64, 158, 2019-11-23
74, 392, 2020-05-03
13, 303, 2020-07-30
77, 423, 2019-01-22
63, 4, 2019-10-13
3, 601, 2020-01-30
23, 99, 2020-03-28
78, 886, 2020-02-19
71, 112, 2020-05-23
69, 888, 2019-10-04
46, 643, 2019-10-02
31, 382, 2020-04-29
20, 514, 2020-01-12
69, 647, 2019-05-14
25, 270, 2020-03-01
36, 701, 2019-09-10
47, 379, 2020-05-03
58, 975, 2020-03-14
76, 769, 2019-02-19
27, 38, 2019-12-08
36, 625, 2019-07-22
18, 878, 2019-10-07
58, 619, 2018-12-20
31, 854, 2019-12-27
59, 546, 2020-02-01
16, 277, 2020-04-11
57, 685, 2019-01-30
30, 510, 2019-10-01
78, 162, 2020-05-31
17, 563, 2019-03-29
55, 141, 2018-10-02
13, 560, 2018-10-06
32, 162, 2019-11-09
22, 175, 2019-08-16
24, 393, 2019-12-28
25, 562, 2019-12-19
18, 947, 2019-05-11
60, 3, 2018-10-15
32, 212, 2020-09-05
29, 543, 2019-06-12
28, 664, 2019-02-03
79, 107, 2019-10-17
78, 460, 2018-12-27
41, 332, 2019-12-01
23, 399, 2019-08-28
76, 404, 2019-09-09
5, 333, 2020-01-30
48, 299, 2019-10-13
76, 104, 2019-11-23
7, 319, 2019-05-15
48, 911, 2019-10-16
45, 646, 2020-07-24
52, 540, 2020-07-12
76, 24, 2020-06-08
63, 95, 2019-11-17
57, 149, 2019-11-25
50, 514, 2019-05-05
60, 87, 2019-03-26
28, 762, 2019-08-02
71, 627, 2020-07-04
4, 68, 2019-10-16
11, 528, 2019-11-07
66, 607, 2018-11-02
37, 214, 2020-02-04
35, 980, 2019-08-22
34, 2, 2020-04-19
46, 131, 2020-08-13
59, 87, 2019-08-01
44, 705, 2019-08-11
60, 428, 2019-07-30
68, 364, 2019-02-09
74, 484, 2020-08-03
75, 331, 2020-07-09
78, 880, 2018-12-10
78, 236, 2020-06-06
70, 396, 2019-11-05
16, 898, 2018-10-18
52, 360, 2019-04-21
54, 720, 2019-03-16
30, 909, 2019-08-13
61, 669, 2020-08-11
48, 296, 2019-12-30
60, 740, 2019-06-22
55, 75, 2019-03-29
46, 845, 2020-04-29
39, 418, 2018-12-19
3, 740, 2019-06-13
1, 409, 2019-02-13
77, 777, 2020-03-04
33, 754, 2019-02-09
50, 27, 2019-12-05
46, 46, 2018-12-19
52, 851, 2018-12-25
64, 258, 2019-04-20
28, 449, 2020-04-24
7, 155, 2019-07-06
56, 976, 2020-04-11
55, 741, 2020-02-02
15, 249, 2020-09-16
19, 554, 2019-12-22
8, 683, 2020-02-23
61, 512, 2018-12-01
6, 933, 2019-05-27
78, 316, 2018-10-14
76, 659, 2019-11-02
11, 582, 2019-10-12
21, 939, 2019-02-09
38, 216, 2019-07-09
17, 156, 2018-11-09
73, 709, 2020-06-04
46, 470, 2018-12-05
52, 854, 2019-04-04
23, 970, 2019-07-25
62, 685, 2019-11-22
31, 590, 2019-03-06
29, 567, 2019-04-08
44, 458, 2019-10-04
56, 515, 2020-09-17
59, 54, 2019-07-15
34, 269, 2019-02-23
5, 555, 2020-02-27
27, 481, 2019-06-18
7, 624, 2019-03-27
31, 945, 2020-07-18
21, 596, 2020-08-23
27, 533, 2018-12-18
35, 405, 2020-06-26
64, 648, 2020-09-05
68, 345, 2020-08-05
65, 887, 2019-12-17
25, 202, 2020-05-28
45, 407, 2019-01-17
12, 493, 2020-06-06
62, 423, 2019-11-27
57, 899, 2019-03-25
26, 483, 2020-07-01
38, 696, 2020-03-25
62, 134, 2019-02-24
35, 383, 2019-11-28
36, 399, 2020-08-11
3, 115, 2020-08-25
43, 240, 2020-05-05
44, 65, 2018-09-23
45, 99, 2019-08-23
55, 492, 2019-04-19
3, 664, 2019-04-18
54, 317, 2020-04-14
42, 899, 2020-09-10
9, 142, 2020-08-05
4, 381, 2020-07-24
69, 808, 2018-10-25
50, 687, 2020-09-06
32, 330, 2020-08-04
44, 143, 2020-03-06
8, 474, 2019-11-26
63, 474, 2018-12-15
22, 268, 2019-02-19
12, 725, 2019-06-01
66, 738, 2020-07-07
54, 181, 2020-09-01
65, 134, 2019-05-24
73, 937, 2020-08-30
3, 112, 2019-12-19
50, 172, 2020-07-11
49, 947, 2018-11-24
59, 61, 2019-06-04
3, 487, 2019-11-04
26, 254, 2019-12-11
72, 314, 2019-07-11
37, 586, 2019-12-30
18, 339, 2019-11-28
39, 164, 2019-10-12
67, 603, 2019-10-13
2, 104, 2019-05-18
34, 162, 2020-03-12
62, 967, 2018-09-22
28, 602, 2019-12-29
70, 970, 2020-08-13
2, 778, 2020-03-23
78, 2, 2020-05-19
66, 181, 2018-12-06
52, 742, 2020-02-18
60, 265, 2019-03-25
12, 173, 2019-06-21
67, 454, 2019-11-12
27, 317, 2019-05-06
62, 264, 2019-04-03
70, 855, 2020-09-03
70, 242, 2018-11-03
38, 318, 2020-08-23
68, 935, 2020-09-06
14, 937, 2020-06-07
57, 509, 2020-05-13
26, 284, 2020-06-01
70, 165, 2018-09-20
5, 650, 2019-10-23
70, 430, 2019-04-26
37, 193, 2020-05-28
40, 414, 2019-04-16
35, 635, 2020-05-31
14, 477, 2019-03-29
75, 208, 2019-01-19
63, 346, 2019-07-29
50, 214, 2020-01-17
27, 524, 2019-04-24
28, 331, 2020-03-13
51, 437, 2019-04-03
57, 17, 2019-11-22
34, 564, 2018-11-20
3, 287, 2019-08-06
56, 545, 2019-11-22
6, 901, 2019-05-16
16, 242, 2020-06-15
25, 49, 2019-04-17
43, 755, 2019-07-15
20, 781, 2020-01-23
61, 129, 2020-01-14
74, 989, 2020-08-08
76, 115, 2019-03-20
69, 305, 2018-11-30
57, 155, 2020-04-05
2, 278, 2019-11-27
31, 142, 2020-03-01
43, 669, 2019-07-22
41, 983, 2019-06-11
57, 973, 2020-03-02
47, 21, 2020-08-18
65, 530, 2019-03-05
54, 309, 2020-01-19
60, 651, 2018-10-20
53, 754, 2019-04-26
8, 933, 2018-12-30
23, 832, 2020-05-12
47, 883, 2018-11-23
52, 900, 2018-12-26
67, 830, 2018-10-22
63, 283, 2020-07-05
15, 345, 2019-04-03
55, 598, 2019-08-23
4, 91, 2019-05-04
20, 95, 2019-02-20
15, 918, 2019-05-09
20, 72, 2019-07-09
44, 908, 2020-02-28
28, 708, 2018-12-02
6, 562, 2019-06-16
60, 728, 2019-05-08
20, 144, 2018-09-25
31, 910, 2019-10-15
25, 325, 2019-08-29
8, 85, 2020-02-11
42, 162, 2020-01-14
69, 484, 2020-02-16
9, 561, 2019-07-30
24, 582, 2019-01-03
43, 689, 2019-07-27
68, 971, 2020-02-24
20, 493, 2019-08-13
47, 178, 2019-08-11
66, 342, 2020-04-18
57, 66, 2020-03-19
13, 696, 2019-04-23
66, 620, 2020-06-01
70, 55, 2019-06-02
27, 148, 2020-01-05
28, 693, 2019-01-15
40, 674, 2019-03-05
65, 810, 2020-01-13
14, 584, 2019-11-28
67, 74, 2020-08-07
79, 578, 2019-09-18
25, 913, 2019-04-21
74, 995, 2020-03-31
69, 796, 2019-12-07
19, 666, 2020-04-08
36, 508, 2020-07-26
68, 466, 2019-12-19
62, 42, 2018-12-01
31, 555, 2020-06-01
55, 788, 2019-06-03
48, 15, 2019-05-21
60, 89, 2019-05-21
62, 932, 2019-09-12
41, 46, 2019-06-10
80, 789, 2019-02-06
50, 656, 2019-05-04
12, 919, 2018-12-15
70, 452, 2019-04-14
42, 161, 2019-09-07
79, 508, 2019-04-08
23, 615, 2019-05-10
14, 102, 2019-09-11
41, 739, 2020-01-24
58, 610, 2020-08-22
57, 891, 2019-01-20
29, 871, 2019-05-05
42, 724, 2020-08-02
12, 6, 2018-12-31
12, 547, 2020-03-12
71, 122, 2019-09-01
77, 354, 2019-08-03
11, 578, 2019-03-20
30, 599, 2020-07-19
59, 937, 2020-03-25
53, 646, 2019-07-15
76, 429, 2020-07-20
79, 425, 2018-12-28
29, 542, 2020-02-13
71, 942, 2019-11-06
27, 340, 2018-12-20
72, 316, 2020-05-07
8, 175, 2019-03-05
79, 756, 2019-06-05
31, 120, 2020-04-21
40, 421, 2019-11-10
50, 487, 2018-12-17
66, 577, 2019-12-30
72, 801, 2019-05-14
8, 412, 2018-10-04
40, 197, 2019-12-26
71, 61, 2019-07-27
65, 848, 2019-05-24
40, 937, 2019-12-09
19, 965, 2019-10-12
42, 949, 2019-12-12
6, 476, 2019-07-22
26, 532, 2019-05-26
11, 290, 2020-07-28
36, 924, 2019-08-23
30, 918, 2018-12-26
69, 243, 2020-02-14
50, 592, 2019-03-16
33, 82, 2019-06-13
69, 134, 2019-02-25
20, 659, 2019-06-16
66, 41, 2019-12-08
13, 554, 2020-04-05
14, 14, 2020-09-17
50, 753, 2020-06-11
16, 786, 2019-08-19
40, 516, 2018-12-09
72, 307, 2019-04-04
40, 536, 2020-04-01
42, 429, 2019-05-30
33, 811, 2019-06-15
77, 197, 2018-12-18
15, 572, 2019-10-05
55, 976, 2020-08-03
53, 54, 2019-03-08
78, 194, 2019-07-18
35, 117, 2020-04-24
51, 318, 2018-12-24
67, 484, 2019-10-03
23, 989, 2020-06-17
59, 932, 2019-08-30
36, 282, 2020-09-13
47, 318, 2019-12-11
33, 217, 2020-02-17
42, 956, 2019-01-17
48, 868, 2019-05-20
36, 821, 2019-01-27
45, 582, 2020-04-09
6, 522, 2020-04-16
42, 840, 2020-08-30
30, 912, 2019-12-02
40, 313, 2019-09-19
41, 392, 2019-06-28
70, 537, 2019-08-23
15, 851, 2020-02-06
70, 538, 2019-03-30
38, 680, 2019-10-12
53, 605, 2020-01-23
39, 522, 2020-01-17
4, 647, 2020-02-11
48, 588, 2019-11-24
79, 131, 2019-01-09
74, 143, 2020-04-11
65, 356, 2019-01-14
8, 843, 2020-04-01
52, 87, 2020-08-25
43, 166, 2019-10-24
23, 170, 2019-09-18
51, 423, 2019-11-13
41, 917, 2020-03-29
2, 352, 2019-11-14
74, 702, 2019-06-11
34, 80, 2018-09-19
75, 63, 2020-05-06
22, 737, 2019-12-02
64, 254, 2019-10-01
41, 952, 2018-12-15
59, 405, 2020-09-09
22, 441, 2020-05-25
53, 706, 2020-01-26
38, 508, 2019-01-08
68, 114, 2020-01-03
45, 582, 2020-09-14
20, 765, 2019-03-31
40, 134, 2020-02-21
54, 8, 2020-01-20
39, 144, 2019-02-12
76, 893, 2019-03-09
60, 341, 2019-08-09
47, 719, 2020-09-03
77, 980, 2020-06-18
48, 26, 2020-07-14
10, 624, 2019-12-13
50, 265, 2020-05-08
40, 800, 2019-06-16
61, 378, 2019-09-17
37, 63, 2018-12-07
41, 860, 2020-04-10
42, 355, 2020-01-09
50, 791, 2020-08-15
68, 218, 2020-04-16
13, 769, 2018-10-25
3, 470, 2020-07-27
6, 382, 2019-06-28
69, 807, 2020-08-11
43, 192, 2019-07-27
32, 45, 2020-04-03
70, 186, 2018-10-11
67, 9, 2020-09-16
63, 714, 2020-03-15
49, 610, 2019-09-22
20, 645, 2019-10-07
23, 32, 2020-07-23
44, 547, 2019-01-13
44, 543, 2019-09-20
1, 381, 2019-09-20
52, 449, 2019-07-02
32, 613, 2020-03-06
78, 397, 2019-10-26
44, 642, 2019-06-15
50, 314, 2018-11-09
10, 975, 2020-06-13
73, 419, 2020-01-16
74, 307, 2019-10-19
32, 109, 2019-04-18
69, 575, 2020-04-10
13, 487, 2019-05-12
13, 18, 2019-10-30
12, 941, 2018-10-09
15, 770, 2020-09-08
44, 915, 2020-03-16
5, 806, 2018-09-27
53, 8, 2019-12-15
75, 152, 2020-07-04
76, 544, 2019-12-25
32, 143, 2018-09-19
10, 475, 2019-08-22
40, 198, 2019-11-25
27, 689, 2020-08-19
76, 496, 2020-05-19
74, 240, 2019-05-14
77, 608, 2018-09-29
57, 927, 2020-06-25
30, 488, 2019-04-29
5, 136, 2019-08-19
67, 764, 2020-06-07
77, 620, 2020-06-29
7, 361, 2019-11-28
67, 619, 2020-04-30
51, 581, 2019-06-04
46, 756, 2019-11-03
69, 395, 2019-06-25
46, 518, 2019-08-05
55, 800, 2019-08-22
12, 504, 2018-09-18
36, 816, 2018-10-26
66, 283, 2019-04-02
5, 640, 2019-01-30
79, 997, 2019-12-04
18, 886, 2020-07-19
48, 171, 2020-04-24
47, 648, 2020-02-23
14, 360, 2019-06-26
45, 370, 2020-05-01
54, 355, 2020-03-29
43, 964, 2018-09-22
73, 432, 2019-05-05
21, 346, 2018-10-21
67, 938, 2019-10-30
14, 17, 2019-04-26
65, 853, 2019-07-22
79, 982, 2019-10-09
70, 730, 2020-04-20
69, 719, 2018-12-02
37, 174, 2019-03-22
53, 148, 2019-06-08
21, 358, 2019-11-16
64, 889, 2019-05-04
32, 540, 2019-08-22
53, 976, 2020-05-04
43, 638, 2019-08-21
21, 875, 2020-09-14
30, 29, 2019-07-06
33, 742, 2019-07-26
43, 858, 2020-02-05
33, 745, 2020-03-24
25, 15, 2020-09-08
39, 229, 2019-03-25
79, 53, 2019-01-06
41, 645, 2020-08-19
68, 202, 2019-02-12
14, 517, 2019-09-20
21, 991, 2019-03-17
72, 807, 2020-01-09
14, 416, 2019-11-21
79, 72, 2020-08-29
14, 280, 2018-11-20
79, 625, 2019-10-13
46, 672, 2020-04-20
13, 491, 2019-11-22
18, 791, 2020-04-03
33, 947, 2020-07-16
53, 380, 2019-10-28
44, 109, 2019-02-28
13, 170, 2019-08-01
20, 244, 2019-08-25
76, 828, 2019-04-14
50, 785, 2020-02-15
48, 821, 2018-10-24
40, 248, 2020-02-03
41, 906, 2019-10-27
57, 333, 2018-09-29
13, 932, 2019-02-26
47, 308, 2019-12-27
21, 154, 2019-08-22
36, 792, 2020-01-13
61, 418, 2020-08-06
63, 621, 2019-10-27
53, 486, 2020-04-14
56, 820, 2019-05-23
61, 359, 2019-09-07
22, 940, 2018-12-28
44, 196, 2019-08-08
17, 970, 2019-03-22
69, 517, 2019-06-27
35, 622, 2019-09-19
21, 76, 2018-12-09
12, 859, 2019-04-25
50, 582, 2020-04-17
31, 74, 2020-09-04
25, 662, 2018-10-31
9, 296, 2020-05-23
55, 616, 2018-11-12
60, 134, 2018-11-21
55, 283, 2020-07-02
76, 750, 2020-06-13
35, 717, 2019-06-02
39, 397, 2020-02-01
14, 236, 2020-05-17
28, 791, 2019-07-24
33, 89, 2019-11-21
76, 318, 2020-06-16
29, 132, 2020-06-12
37, 739, 2019-03-04
5, 564, 2019-02-22
70, 358, 2019-05-01
27, 13, 2019-08-05
19, 130, 2019-07-16
64, 815, 2019-07-27
49, 108, 2020-05-12
46, 795, 2019-05-25
8, 21, 2018-11-17
24, 782, 2019-12-06
51, 590, 2019-06-09
57, 491, 2019-05-21
48, 918, 2019-03-25
27, 324, 2018-10-28
37, 197, 2019-03-02
56, 883, 2019-05-03
78, 856, 2019-12-10
65, 234, 2018-12-22
69, 259, 2018-09-25
68, 657, 2019-01-13
8, 824, 2020-07-15
9, 197, 2018-12-17
7, 394, 2019-04-10
55, 384, 2020-06-30
54, 618, 2019-12-06
38, 815, 2020-02-22
52, 617, 2019-08-18
62, 950, 2020-05-28
58, 936, 2019-05-02
19, 790, 2018-10-30
76, 754, 2018-12-04
28, 115, 2019-06-13
79, 620, 2018-12-16
36, 295, 2019-02-26
18, 678, 2019-11-21
64, 555, 2020-03-03
78, 993, 2020-01-01
4, 91, 2019-06-25
61, 790, 2020-02-14
71, 878, 2018-11-03
67, 789, 2019-11-20
72, 67, 2020-01-18
23, 985, 2019-04-10
21, 683, 2018-09-29
44, 46, 2020-02-08
74, 407, 2020-09-06
8, 569, 2020-03-16
10, 533, 2020-04-21
51, 9, 2019-08-11
13, 149, 2019-12-14
53, 510, 2020-08-12
41, 79, 2019-12-25
3, 898, 2020-05-16
74, 643, 2018-11-17
42, 444, 2019-01-11
36, 569, 2020-03-13
69, 224, 2020-07-30
35, 705, 2019-01-30
77, 242, 2020-04-03
64, 121, 2019-12-26
27, 813, 2018-11-06
21, 970, 2020-08-01
67, 217, 2019-11-30
59, 701, 2019-02-20
80, 321, 2019-05-06
40, 630, 2019-04-28
66, 133, 2018-11-03
34, 936, 2020-06-25
50, 421, 2019-10-29
12, 246, 2020-01-11
44, 806, 2019-08-11
73, 484, 2019-10-22
35, 100, 2020-03-28
69, 521, 2018-10-18
29, 355, 2020-04-04
3, 841, 2018-10-20
39, 640, 2019-03-29
32, 872, 2020-02-27
27, 855, 2020-06-22
28, 5, 2019-07-22
53, 335, 2019-04-19
46, 716, 2020-09-06
18, 834, 2019-01-26
51, 481, 2018-10-14
3, 285, 2020-03-19
8, 928, 2018-12-17
2, 681, 2018-12-27
21, 169, 2019-08-28
59, 420, 2019-12-16
57, 323, 2019-09-16
27, 249, 2019-01-28
47, 998, 2018-10-04
8, 485, 2020-04-24
9, 915, 2019-12-30
50, 778, 2019-10-05
50, 286, 2019-01-26
7, 740, 2018-11-14
7, 133, 2019-04-16
23, 178, 2020-02-15
49, 727, 2019-10-19
46, 163, 2019-05-29
30, 875, 2020-05-26
61, 969, 2020-03-23
10, 290, 2019-04-12
65, 270, 2019-03-03
15, 668, 2019-08-02
22, 957, 2019-04-17
47, 683, 2019-06-20
52, 822, 2019-02-22
48, 355, 2019-12-22
42, 530, 2018-12-15
38, 364, 2019-09-03
9, 2, 2020-04-07
41, 9, 2019-08-10
1, 449, 2019-08-23
57, 421, 2019-08-01
46, 158, 2018-12-12
78, 906, 2019-10-11
4, 695, 2018-11-08
8, 538, 2019-07-07
42, 82, 2019-10-07
18, 308, 2019-08-22
10, 475, 2020-01-15
1, 726, 2019-06-23
37, 253, 2019-02-09
8, 912, 2019-12-14
78, 480, 2020-05-25
11, 810, 2020-07-11
51, 293, 2019-05-22
72, 848, 2018-11-13
16, 828, 2020-09-08
74, 176, 2018-12-14
26, 516, 2019-07-23
21, 748, 2019-09-06
22, 345, 2020-03-09
39, 573, 2019-11-18
7, 335, 2019-03-17
21, 552, 2019-06-09
68, 530, 2019-01-06
39, 204, 2019-05-13
53, 557, 2019-11-23
43, 536, 2019-02-26
42, 110, 2020-05-24
55, 18, 2019-09-04
9, 967, 2020-02-18
77, 384, 2020-08-30
66, 101, 2020-06-03
55, 286, 2018-12-27
50, 147, 2020-03-11
64, 116, 2019-05-08
59, 635, 2019-08-29
25, 980, 2020-01-15
62, 336, 2020-07-11
25, 352, 2019-07-16
23, 170, 2020-06-20
66, 716, 2019-08-13
8, 243, 2020-01-14
36, 36, 2019-02-17
22, 396, 2019-09-17
66, 470, 2020-06-27
62, 753, 2019-11-07
76, 853, 2019-07-24
27, 678, 2019-06-01
63, 384, 2019-04-27
20, 800, 2020-05-03
46, 32, 2020-05-25
5, 540, 2018-12-24
39, 795, 2020-03-18
25, 150, 2019-08-04
36, 643, 2019-12-01
52, 592, 2019-01-09
71, 824, 2019-11-27
20, 425, 2019-11-12
21, 585, 2020-01-19
62, 858, 2019-07-01
71, 451, 2019-11-12
5, 962, 2018-10-07
59, 649, 2020-01-30
15, 789, 2019-08-05
41, 577, 2018-10-28
45, 106, 2020-08-15
19, 264, 2019-06-13
29, 654, 2019-02-17
26, 70, 2020-01-30
2, 117, 2019-08-08
49, 605, 2019-11-24
67, 931, 2020-06-14
48, 677, 2019-07-11
29, 739, 2019-01-06
18, 847, 2020-08-17
38, 292, 2020-06-03
17, 17, 2020-03-01
76, 577, 2020-06-09
17, 763, 2019-01-07
46, 465, 2019-10-16
77, 449, 2019-08-03
11, 917, 2019-05-12
57, 497, 2019-01-19
59, 740, 2019-05-29
32, 976, 2019-01-22
20, 156, 2019-10-06
16, 921, 2020-08-16
27, 238, 2019-10-12
54, 754, 2019-08-13
64, 759, 2019-06-17
53, 600, 2019-11-24
53, 478, 2018-09-26
9, 440, 2019-03-24
12, 544, 2019-03-18
78, 797, 2018-09-25
78, 588, 2018-10-03
6, 662, 2020-07-25
23, 795, 2019-03-03
49, 479, 2019-09-08
70, 665, 2020-01-03
16, 2, 2019-11-18
69, 306, 2020-01-03
30, 20, 2019-11-02
6, 461, 2020-01-20
7, 674, 2020-04-06
45, 625, 2019-03-21
57, 448, 2019-11-17
11, 159, 2019-08-16
56, 677, 2019-08-19
65, 329, 2018-11-20
10, 251, 2019-09-21
17, 135, 2020-01-04
61, 972, 2020-08-14
67, 459, 2020-09-06
41, 180, 2018-10-11
7, 58, 2020-01-18
61, 392, 2020-04-13
73, 132, 2019-12-30
73, 944, 2019-12-25
71, 690, 2019-07-03
18, 548, 2019-01-22
46, 111, 2020-08-18
49, 116, 2019-01-27
13, 18, 2020-03-10
11, 603, 2020-02-27
43, 889, 2019-02-25
56, 190, 2019-12-14
44, 86, 2018-12-11
78, 479, 2018-10-31
31, 376, 2019-04-11
9, 43, 2020-08-18
56, 416, 2019-07-23
37, 501, 2018-09-24
63, 205, 2019-05-17
15, 768, 2019-08-24
41, 409, 2019-11-19
2, 532, 2020-02-21
11, 434, 2018-10-29
45, 749, 2020-06-09
64, 717, 2019-01-03
16, 969, 2019-12-30
41, 2, 2020-01-07
59, 644, 2018-12-29
63, 685, 2019-04-22
29, 949, 2018-09-25
21, 884, 2019-12-09
25, 243, 2019-10-13
20, 459, 2019-01-19
15, 739, 2020-08-09
12, 153, 2019-11-12
79, 257, 2019-02-23
54, 35, 2020-03-31
3, 223, 2020-05-11
66, 516, 2020-04-17
77, 343, 2018-09-20
13, 795, 2019-10-16
44, 206, 2020-06-17
42, 247, 2020-08-31
73, 891, 2019-12-30
72, 459, 2020-03-13
19, 860, 2019-07-07
77, 424, 2019-06-15
57, 356, 2018-11-24
14, 577, 2019-01-27
74, 859, 2019-05-22
45, 274, 2019-06-29
58, 625, 2019-09-01
72, 135, 2019-09-05
44, 18, 2020-07-23
19, 821, 2020-04-05
17, 833, 2019-03-20
16, 618, 2019-05-10
40, 620, 2018-12-15
65, 204, 2019-11-04
15, 407, 2019-01-02
42, 336, 2019-11-20
66, 579, 2019-04-01
44, 54, 2020-02-25
22, 437, 2018-12-30
76, 744, 2018-12-02
10, 162, 2020-02-06
5, 307, 2020-08-03
8, 154, 2019-07-29
52, 367, 2019-08-05
48, 982, 2020-08-02
46, 859, 2020-08-17
21, 800, 2019-07-30
33, 170, 2020-02-02
26, 123, 2019-08-14
75, 800, 2020-05-27
4, 871, 2020-08-05
70, 858, 2018-10-03
41, 86, 2020-05-26
4, 490, 2018-12-17
21, 722, 2020-06-12
12, 367, 2020-05-17
18, 984, 2020-03-27
76, 395, 2020-04-05
15, 158, 2020-01-25
27, 728, 2020-02-10
38, 694, 2019-11-05
28, 813, 2019-06-30
2, 101, 2018-10-19
11, 997, 2019-08-26
30, 17, 2019-05-30
75, 678, 2019-04-17
70, 910, 2020-01-10
76, 326, 2020-06-19
11, 696, 2019-06-07
4, 639, 2020-04-09
68, 3, 2020-05-15
45, 123, 2019-12-11
34, 448, 2020-09-08
58, 788, 2019-03-02
20, 44, 2020-06-17
17, 258, 2018-11-15
79, 651, 2020-01-26
3, 3, 2019-03-06
24, 732, 2019-06-11
51, 136, 2019-03-22
10, 497, 2019-07-13
41, 54, 2020-09-07
10, 767, 2020-09-03
47, 454, 2019-02-23
61, 849, 2018-11-17
40, 793, 2020-06-22
13, 697, 2019-07-23
13, 868, 2020-09-16
56, 551, 2019-06-06
76, 115, 2019-09-02
67, 599, 2020-09-10
8, 554, 2020-02-09
58, 428, 2019-05-04
71, 538, 2020-08-14
58, 709, 2020-09-08
7, 192, 2019-10-19
66, 295, 2020-08-24
20, 701, 2019-10-03
20, 803, 2020-03-19
19, 871, 2020-07-19
43, 419, 2020-05-13
78, 410, 2019-12-23
19, 453, 2018-11-16
8, 420, 2018-12-16
24, 474, 2020-01-24
73, 201, 2019-09-28
73, 205, 2020-09-06
37, 11, 2019-09-12
30, 898, 2020-06-29
39, 695, 2020-03-04
13, 865, 2018-12-28
13, 886, 2019-05-23
22, 546, 2019-03-24
48, 856, 2018-10-27
21, 236, 2020-08-27
19, 284, 2020-08-06
42, 192, 2020-09-12
51, 832, 2020-08-25
44, 234, 2019-05-29
39, 932, 2019-01-03
72, 236, 2019-07-14
11, 547, 2019-02-06
55, 424, 2019-02-16
36, 844, 2019-05-30
17, 877, 2019-10-11
10, 504, 2019-03-28
22, 624, 2020-09-11
79, 360, 2020-06-06
31, 516, 2018-10-27
71, 558, 2020-03-31
36, 569, 2019-01-14
3, 391, 2018-11-02
70, 695, 2020-05-26
10, 769, 2019-07-27
5, 762, 2019-02-23
51, 937, 2020-06-07
42, 149, 2018-11-27
20, 103, 2020-04-04
73, 494, 2019-11-09
36, 586, 2020-03-03
38, 339, 2019-10-07
48, 174, 2019-05-09
29, 759, 2019-06-16
2, 830, 2019-11-22
57, 662, 2020-01-03
37, 695, 2019-06-24
51, 912, 2019-06-21
44, 79, 2019-09-17
68, 265, 2020-07-30
33, 948, 2020-05-03
71, 211, 2019-03-30
4, 888, 2018-11-13
70, 702, 2018-11-06
17, 477, 2018-12-11
16, 622, 2019-09-18
54, 975, 2020-07-26
46, 160, 2019-05-07
6, 965, 2018-09-29
25, 798, 2020-02-09
1, 402, 2020-04-18
20, 151, 2020-07-26
18, 296, 2019-12-18
53, 872, 2020-09-13
59, 713, 2020-03-18
77, 854, 2019-09-20
42, 741, 2020-05-09
29, 572, 2020-05-13
28, 253, 2018-09-25
61, 858, 2020-02-10
68, 270, 2019-04-30
78, 81, 2019-10-26
57, 389, 2018-12-09
47, 351, 2020-01-05
22, 762, 2019-12-17
11, 901, 2020-02-07
59, 105, 2019-12-02
11, 806, 2018-11-03
45, 488, 2020-03-30
21, 61, 2019-08-21
52, 57, 2019-01-16
75, 983, 2019-08-15
3, 755, 2019-06-13
3, 865, 2019-02-09
7, 309, 2019-08-20
5, 533, 2020-06-02
75, 717, 2020-03-20
6, 672, 2020-03-04
62, 67, 2019-06-11
10, 170, 2019-08-28
52, 609, 2020-01-25
18, 487, 2018-12-23
50, 666, 2018-12-14
80, 97, 2019-01-16
31, 604, 2020-01-05
60, 906, 2019-06-22
4, 996, 2020-06-25
41, 210, 2020-06-06
59, 992, 2018-11-11
66, 854, 2019-06-25
68, 542, 2019-10-25
49, 975, 2018-09-24
73, 579, 2019-01-07
70, 901, 2020-04-10
16, 596, 2020-04-27
34, 937, 2019-12-18
8, 821, 2018-10-01
25, 204, 2018-09-30
17, 933, 2020-06-14
3, 484, 2020-01-13
29, 433, 2019-05-04
58, 871, 2020-07-02
66, 374, 2020-02-12
76, 654, 2018-11-10
18, 176, 2019-07-01
76, 691, 2018-11-11
17, 697, 2018-09-29
79, 322, 2020-04-16
1, 510, 2019-11-15
21, 411, 2020-06-17
13, 715, 2019-06-14
53, 574, 2020-01-21
34, 374, 2020-03-25
21, 6, 2019-08-26
32, 520, 2019-08-24
36, 486, 2018-10-06
79, 121, 2019-04-19
43, 449, 2019-10-15
27, 503, 2020-08-22
54, 152, 2018-11-27
26, 673, 2019-12-11
6, 623, 2018-11-22
40, 640, 2020-07-26
74, 236, 2019-10-05
20, 605, 2020-08-16
3, 633, 2019-09-30
18, 58, 2019-01-25
15, 755, 2020-08-15
62, 358, 2020-04-06
23, 491, 2018-09-25
40, 516, 2019-11-21
70, 360, 2018-12-10
61, 343, 2020-06-24
62, 349, 2018-12-18
13, 86, 2019-05-27
14, 638, 2019-06-28
64, 573, 2018-10-03
70, 899, 2019-04-03
17, 591, 2020-08-10
39, 479, 2019-07-23
45, 220, 2018-10-31
46, 643, 2019-09-06
6, 874, 2020-08-23
41, 208, 2019-01-01
14, 299, 2020-02-03
23, 880, 2020-04-02
75, 918, 2020-04-06
37, 42, 2020-05-15
11, 250, 2019-04-21
23, 69, 2020-05-15
62, 486, 2020-03-22
2, 712, 2020-03-05
13, 323, 2019-10-26
12, 129, 2018-12-13
15, 566, 2019-11-04
28, 693, 2018-11-30
6, 780, 2019-04-11
13, 786, 2019-04-06
10, 692, 2019-07-14
49, 933, 2018-10-25
52, 656, 2018-12-07
31, 48, 2020-08-25
80, 23, 2020-08-13
36, 747, 2020-06-04
47, 995, 2020-02-22
36, 64, 2020-02-25
22, 692, 2019-01-04
37, 967, 2019-10-06
44, 392, 2020-06-12
61, 359, 2019-12-23
43, 362, 2018-11-01
70, 133, 2019-11-30
50, 653, 2018-11-16
28, 238, 2019-07-23
71, 63, 2020-05-12
64, 246, 2020-01-10
39, 153, 2020-03-26
8, 907, 2020-04-17
57, 603, 2019-02-18
53, 831, 2020-02-08
15, 144, 2020-02-24
75, 412, 2019-07-13
49, 566, 2020-05-07
52, 313, 2019-03-17
71, 768, 2019-01-18
59, 529, 2020-04-04
80, 834, 2020-07-30
37, 814, 2020-08-10
79, 103, 2020-06-04
47, 663, 2019-05-14
75, 425, 2020-08-20
16, 466, 2019-10-31
38, 693, 2019-03-18
11, 498, 2019-08-27
73, 546, 2019-12-12
67, 899, 2020-01-24
74, 916, 2020-06-07
70, 438, 2020-07-24
27, 101, 2019-04-15
4, 1000, 2020-08-29
55, 22, 2020-05-23
55, 285, 2019-06-19
67, 832, 2018-09-26
3, 135, 2019-12-14
58, 429, 2019-12-04
75, 714, 2020-03-07
25, 310, 2020-01-19
17, 690, 2018-11-19
23, 527, 2019-06-16
31, 41, 2019-07-20
65, 992, 2020-03-04
28, 896, 2019-05-20
36, 593, 2020-04-15
29, 872, 2019-03-27
45, 391, 2019-06-05
63, 524, 2020-07-16
33, 94, 2018-12-16
74, 317, 2019-01-17
5, 708, 2020-02-02
19, 760, 2018-11-24
23, 772, 2019-06-24
77, 432, 2019-02-23
33, 636, 2019-04-24
62, 128, 2018-10-03
38, 457, 2018-10-22
53, 119, 2019-04-30
7, 353, 2020-09-16
63, 356, 2019-08-25
42, 237, 2019-11-15
72, 782, 2018-12-04
45, 293, 2019-11-17
63, 782, 2019-02-18
70, 241, 2020-08-18
70, 87, 2020-03-22
61, 973, 2018-10-08
71, 160, 2019-04-22
38, 818, 2019-11-28
44, 687, 2020-03-25
43, 26, 2020-03-09
23, 152, 2019-10-12
11, 928, 2019-01-21
70, 392, 2019-12-25
45, 266, 2019-09-29
55, 998, 2019-01-10
42, 178, 2019-05-22
67, 424, 2019-01-11
52, 11, 2019-08-15
32, 364, 2020-08-07
25, 591, 2019-03-13
45, 100, 2019-04-22
52, 478, 2019-07-02
18, 771, 2019-08-11
28, 420, 2019-03-02
8, 452, 2019-06-25
54, 396, 2019-11-01
33, 800, 2019-06-23
35, 718, 2018-12-27
33, 168, 2019-11-19
42, 104, 2020-06-25
27, 737, 2019-07-18
33, 455, 2019-11-26
36, 287, 2019-08-20
66, 923, 2020-03-01
27, 458, 2020-05-13
56, 27, 2020-05-03
26, 880, 2020-04-22
45, 497, 2018-12-04
2, 408, 2019-05-24
9, 842, 2020-01-04
38, 3, 2018-10-21
57, 786, 2019-09-04
33, 17, 2019-10-27
9, 950, 2020-01-31
45, 789, 2019-07-09
29, 237, 2020-04-25
72, 930, 2019-02-24
17, 519, 2018-12-22
14, 391, 2020-02-16
20, 279, 2019-02-09
28, 60, 2020-04-02
32, 978, 2019-04-01
37, 765, 2019-05-21
58, 305, 2020-05-01
70, 739, 2019-09-18
52, 817, 2019-04-23
29, 491, 2020-03-30
61, 301, 2020-07-15
51, 57, 2018-10-08
35, 145, 2020-08-11
26, 455, 2019-02-10
16, 391, 2019-06-05
54, 685, 2020-05-11
56, 924, 2018-12-16
11, 221, 2020-06-15
30, 178, 2019-04-10
70, 840, 2018-10-14
63, 118, 2020-07-09
50, 419, 2020-03-16
45, 782, 2019-01-09
59, 752, 2019-08-26
60, 799, 2019-07-09
56, 440, 2019-11-06
64, 483, 2019-10-06
32, 98, 2019-12-20
68, 167, 2019-10-06
35, 82, 2019-03-10
69, 462, 2020-05-13
23, 607, 2019-08-01
80, 472, 2020-06-23
60, 688, 2020-07-24
33, 476, 2019-01-14
68, 666, 2019-09-15
69, 844, 2018-11-28
34, 416, 2020-08-24
3, 264, 2019-12-05
17, 334, 2020-05-17
66, 858, 2019-01-22
60, 873, 2020-06-17
20, 817, 2019-05-04
35, 32, 2019-06-30
72, 693, 2018-10-15
57, 836, 2019-02-13
65, 15, 2020-06-06
34, 284, 2020-06-01
69, 448, 2019-04-27
34, 818, 2018-10-15
40, 951, 2018-12-30
53, 765, 2019-09-17
4, 148, 2018-10-05
72, 570, 2020-01-21
48, 91, 2018-10-26
6, 807, 2019-10-07
43, 976, 2020-01-27
76, 142, 2019-10-08
10, 928, 2019-05-07
13, 682, 2019-06-03
2, 459, 2019-07-21
40, 237, 2018-12-11
79, 873, 2019-02-05
29, 871, 2020-05-31
24, 67, 2019-05-01
27, 997, 2019-03-22
1, 189, 2019-02-02
24, 565, 2020-04-08
16, 606, 2020-01-30
76, 356, 2019-04-07
8, 360, 2020-07-01
48, 698, 2020-04-16
38, 799, 2019-07-26
28, 575, 2019-09-09
9, 612, 2019-02-16
60, 290, 2020-03-16
5, 44, 2020-03-26
24, 509, 2019-05-09
4, 445, 2019-11-19
3, 266, 2019-03-20
15, 774, 2020-02-18
34, 972, 2019-10-01
20, 477, 2019-06-07
55, 637, 2018-11-21
18, 185, 2019-07-29
57, 128, 2019-02-10
44, 889, 2020-04-08
6, 355, 2019-04-21
74, 37, 2020-02-06
11, 515, 2019-02-18
28, 131, 2019-06-22
15, 345, 2019-09-26
68, 949, 2020-02-18
66, 243, 2020-04-13
20, 121, 2019-07-21
36, 473, 2019-11-24
23, 474, 2019-09-30
1, 355, 2020-07-09
22, 918, 2020-02-02
40, 884, 2019-05-30
61, 473, 2020-02-11
44, 819, 2019-08-12
62, 581, 2019-10-27
26, 479, 2019-02-24
38, 476, 2020-06-26
19, 230, 2020-09-16
6, 580, 2019-11-10
5, 580, 2020-03-26
9, 208, 2020-03-16
33, 758, 2019-05-14
36, 47, 2019-05-06
38, 308, 2019-03-29
38, 349, 2019-07-04
14, 692, 2019-04-03
50, 262, 2020-02-15
9, 365, 2018-11-28
48, 623, 2020-06-19
62, 76, 2019-01-20
28, 153, 2020-01-29
70, 525, 2019-08-15
34, 87, 2019-04-29
9, 451, 2019-02-24
19, 801, 2020-07-02
47, 101, 2019-04-03
63, 183, 2019-11-27
64, 377, 2020-01-12
39, 195, 2019-11-20
51, 194, 2019-07-13
33, 384, 2020-03-13
18, 533, 2019-09-17
61, 601, 2019-03-04
79, 575, 2019-05-12
76, 948, 2020-06-08
50, 545, 2020-05-03
5, 81, 2019-10-04
19, 514, 2018-11-30
22, 268, 2018-09-29
16, 91, 2019-06-23
22, 763, 2020-01-12
18, 74, 2019-05-17
63, 689, 2019-09-07
44, 55, 2019-08-02
46, 875, 2020-08-14
14, 660, 2018-12-27
58, 453, 2019-08-24
73, 62, 2020-03-02
42, 609, 2018-12-07
34, 695, 2020-09-12
16, 583, 2020-03-11
27, 304, 2018-10-13
9, 797, 2018-10-12
28, 825, 2018-11-24
50, 361, 2018-12-05
63, 282, 2019-04-06
69, 556, 2019-02-02
29, 355, 2020-06-08
53, 508, 2020-01-12
19, 49, 2019-06-18
22, 905, 2019-05-25
45, 162, 2019-04-08
29, 2, 2019-03-14
56, 353, 2020-06-01
8, 432, 2019-05-23
52, 191, 2020-04-21
65, 747, 2019-03-19
15, 647, 2018-12-10
54, 537, 2018-11-07
37, 998, 2020-08-17
31, 517, 2019-09-13
34, 185, 2018-11-16
3, 201, 2019-03-18
62, 351, 2019-08-10
61, 669, 2019-09-04
59, 905, 2020-01-11
50, 427, 2019-06-11
15, 200, 2018-12-11
4, 359, 2019-05-07
21, 259, 2019-08-24
62, 286, 2019-11-12
43, 518, 2020-03-27
57, 990, 2019-05-28
14, 159, 2020-01-19
61, 538, 2020-07-22
21, 842, 2019-04-21
32, 819, 2020-01-11
19, 362, 2019-10-05
76, 551, 2019-01-05
29, 640, 2020-06-19
40, 871, 2019-06-23
78, 787, 2020-08-21
72, 203, 2020-07-17
67, 498, 2019-11-15
29, 985, 2019-08-12
11, 74, 2019-09-15
62, 795, 2019-02-23
10, 920, 2019-07-20
73, 325, 2020-07-30
58, 906, 2019-02-03
51, 247, 2020-05-13
79, 296, 2020-02-11
54, 345, 2019-12-27
41, 600, 2020-05-04
60, 982, 2020-07-05
12, 149, 2018-12-20
7, 17, 2020-03-30
67, 954, 2020-07-26
33, 197, 2019-12-18
50, 765, 2019-12-11
37, 992, 2018-11-09
6, 657, 2018-09-30
6, 505, 2020-07-09
50, 291, 2019-02-06
63, 794, 2020-01-26
8, 342, 2020-06-04
40, 488, 2019-06-20
15, 942, 2018-12-12
54, 167, 2018-12-23
32, 115, 2020-03-08
45, 292, 2019-05-17
59, 915, 2020-06-18
79, 532, 2018-10-15
8, 36, 2018-12-09
64, 474, 2020-08-25
22, 698, 2020-02-29
47, 948, 2020-04-30
1, 858, 2019-07-11
39, 307, 2018-10-14
38, 159, 2020-04-27
58, 231, 2019-01-05
75, 780, 2019-10-16
41, 294, 2020-02-04
8, 792, 2018-11-01
56, 845, 2019-06-23
44, 870, 2019-08-12
31, 768, 2018-09-18
2, 752, 2018-12-25
73, 811, 2019-11-11
61, 142, 2020-06-15
26, 344, 2020-07-07
59, 934, 2018-12-07
42, 298, 2019-11-03
67, 835, 2020-03-08
24, 919, 2020-02-01
3, 613, 2019-05-09
50, 683, 2019-01-16
55, 123, 2020-04-05
44, 530, 2020-08-20
64, 814, 2018-11-02
58, 904, 2019-05-03
10, 631, 2019-09-18
5, 851, 2020-07-02
17, 580, 2019-05-07
3, 773, 2020-01-08
76, 227, 2020-08-06
78, 134, 2018-11-01
61, 587, 2020-01-03
25, 680, 2019-12-16
19, 751, 2019-11-22
8, 121, 2020-03-13
23, 526, 2019-07-24
4, 428, 2020-03-27
75, 639, 2019-09-09
30, 21, 2020-05-12
23, 268, 2018-10-25
12, 588, 2019-04-26
23, 668, 2019-11-07
77, 607, 2019-06-10
79, 35, 2019-09-15
38, 642, 2019-04-09
73, 436, 2019-11-29
66, 488, 2019-09-11
11, 776, 2020-03-03
16, 25, 2020-03-07
50, 226, 2018-11-20
11, 547, 2019-08-26
37, 629, 2020-03-26
62, 649, 2019-03-02
57, 369, 2019-05-15
79, 879, 2019-08-13
3, 4, 2020-07-31
76, 708, 2019-03-18
62, 74, 2020-09-01
8, 530, 2019-08-19
19, 271, 2020-04-30
46, 62, 2019-07-16
31, 545, 2020-04-19
47, 202, 2019-12-08
39, 715, 2020-01-19
58, 434, 2020-08-20
14, 978, 2020-07-06
49, 887, 2019-03-05
37, 477, 2019-07-20
5, 661, 2019-10-27
55, 204, 2019-07-16
11, 578, 2020-05-19
18, 72, 2019-06-14
2, 351, 2019-12-25
26, 30, 2020-01-28
25, 771, 2018-11-19
37, 504, 2019-10-25
57, 415, 2020-03-30
72, 658, 2019-11-02
21, 269, 2019-06-27
44, 403, 2019-08-13
78, 7, 2019-03-28
53, 767, 2019-08-26
52, 317, 2020-02-03
19, 115, 2019-08-16
17, 742, 2019-05-27
60, 916, 2020-02-26
24, 845, 2019-03-11
33, 200, 2019-01-19
21, 448, 2018-11-16
5, 834, 2018-11-15
45, 564, 2018-12-08
9, 430, 2019-02-04
49, 202, 2019-06-05
76, 252, 2019-12-26
8, 585, 2019-12-06
50, 263, 2019-12-21
69, 780, 2019-10-31
79, 768, 2019-01-25
13, 903, 2018-10-11
50, 677, 2019-04-24
44, 999, 2020-09-15
9, 713, 2019-10-18
20, 390, 2019-09-13
23, 316, 2020-07-25
46, 821, 2019-10-19
1, 874, 2019-09-26
60, 938, 2020-07-07
64, 302, 2020-06-13
57, 554, 2019-06-15
10, 235, 2020-06-12
50, 521, 2020-01-20
62, 585, 2019-08-29
21, 101, 2019-05-20
28, 892, 2018-12-21
31, 32, 2019-11-22
67, 404, 2020-01-18
58, 751, 2020-03-03
44, 397, 2019-05-25
78, 344, 2020-07-07
50, 613, 2019-03-15
14, 925, 2019-11-06
46, 36, 2019-03-29
30, 742, 2019-05-28
39, 675, 2019-08-28
36, 702, 2018-09-28
10, 91, 2020-08-21
31, 437, 2020-02-28
9, 959, 2019-09-15
17, 693, 2019-01-31
55, 704, 2019-09-10
63, 564, 2020-05-29
64, 187, 2019-08-22
4, 781, 2019-11-14
50, 178, 2019-03-04
36, 885, 2019-03-20
77, 763, 2020-01-19
59, 624, 2020-02-13
60, 91, 2019-10-23
31, 392, 2018-12-02
43, 252, 2018-10-29
21, 354, 2019-02-06
48, 539, 2018-12-10
66, 80, 2020-09-14
2, 294, 2019-12-07
52, 143, 2020-08-31
17, 656, 2020-03-09
26, 606, 2019-05-01
70, 552, 2020-03-21
78, 290, 2019-04-25
63, 454, 2019-07-17
13, 669, 2020-07-16
59, 635, 2019-07-22
77, 546, 2019-09-25
67, 453, 2018-10-23
17, 817, 2020-03-18
75, 388, 2020-08-19
61, 844, 2019-01-17
79, 580, 2020-03-12
58, 359, 2020-08-01
14, 559, 2019-06-19
24, 891, 2019-05-01
33, 728, 2018-09-22
29, 423, 2019-05-27
45, 319, 2019-06-18
28, 823, 2018-09-30
71, 62, 2018-11-17
46, 743, 2019-01-06
21, 442, 2020-02-01
3, 155, 2020-03-08
16, 750, 2019-03-31
9, 31, 2019-09-27
73, 654, 2019-06-04
52, 680, 2019-09-08
11, 694, 2020-07-08
68, 213, 2018-12-12
22, 992, 2019-10-15
52, 360, 2019-05-17
23, 766, 2020-01-18
50, 683, 2020-01-22
61, 253, 2020-05-23
32, 490, 2020-07-23
8, 858, 2020-05-24
44, 829, 2019-10-20
32, 189, 2019-10-30
36, 438, 2019-08-14
34, 586, 2020-03-13
59, 327, 2019-03-14
67, 248, 2019-08-25
78, 209, 2018-11-27
58, 256, 2018-12-19
19, 600, 2018-11-12
26, 202, 2018-12-22
32, 787, 2020-03-29
6, 789, 2019-04-30
24, 344, 2020-05-29
32, 11, 2019-05-15
77, 317, 2018-10-19
67, 328, 2019-03-18
23, 147, 2020-03-28
66, 188, 2018-11-29
13, 14, 2020-03-13
36, 96, 2020-08-26
39, 758, 2020-02-13
58, 687, 2019-07-03
27, 961, 2018-10-13
62, 694, 2019-08-07
23, 539, 2019-06-10
25, 385, 2019-08-30
39, 656, 2020-02-02
57, 523, 2018-11-22
56, 747, 2018-09-22
19, 361, 2020-05-09
72, 67, 2018-11-14
36, 652, 2019-12-11
14, 165, 2019-07-24
24, 930, 2020-04-19
66, 190, 2018-10-31
25, 733, 2019-06-17
69, 571, 2019-07-19
64, 612, 2019-11-28
8, 174, 2019-06-04
46, 51, 2019-02-19
68, 864, 2020-02-23
25, 860, 2020-07-30
57, 464, 2020-03-11
10, 784, 2020-05-28
61, 890, 2020-05-31
15, 132, 2019-02-17
50, 544, 2019-03-06
60, 581, 2020-02-02
23, 485, 2020-01-06
72, 251, 2020-04-16
70, 96, 2020-08-28
54, 762, 2019-08-21
32, 436, 2019-04-10
17, 689, 2019-10-22
32, 215, 2020-08-12
5, 927, 2020-03-13
57, 381, 2019-01-12
16, 256, 2020-05-17
61, 608, 2019-06-09
2, 329, 2020-02-25
17, 354, 2019-01-08
40, 764, 2018-11-25
35, 17, 2020-04-27
72, 171, 2019-10-21
56, 238, 2020-04-21
40, 1000, 2019-01-05
15, 248, 2020-02-13
39, 986, 2019-08-27
23, 335, 2019-08-09
52, 587, 2018-11-09
76, 701, 2020-07-21
15, 773, 2019-08-31
69, 885, 2020-05-26
24, 694, 2019-04-15
60, 533, 2020-05-01
46, 50, 2019-10-20
17, 505, 2018-10-11
31, 136, 2020-03-12
36, 729, 2020-03-16
67, 466, 2019-05-09
62, 310, 2019-03-11
23, 15, 2020-02-18
30, 61, 2019-07-16
66, 644, 2020-02-13
69, 408, 2020-01-21
19, 738, 2018-10-10
37, 327, 2018-11-13
18, 560, 2020-07-19
59, 717, 2019-02-18
38, 713, 2019-07-05
64, 996, 2018-12-30
29, 525, 2018-12-17
36, 550, 2019-08-27
70, 547, 2019-12-29
65, 262, 2019-06-27
31, 822, 2020-05-14
48, 813, 2019-01-22
31, 545, 2019-12-31
12, 774, 2019-03-05
63, 222, 2019-12-03
41, 301, 2020-08-28
1, 547, 2019-07-16
34, 863, 2020-01-21
21, 103, 2019-02-17
30, 745, 2020-08-02
38, 937, 2020-08-04
11, 441, 2019-07-29
27, 561, 2019-01-17
36, 984, 2019-08-29
59, 296, 2019-11-23
5, 145, 2019-05-24
46, 119, 2020-09-06
22, 921, 2020-04-29
7, 229, 2020-05-23
29, 146, 2020-01-14
71, 12, 2020-07-16
50, 81, 2018-12-28
71, 835, 2018-11-03
10, 778, 2018-11-06
29, 611, 2019-02-27
65, 917, 2020-02-06
12, 537, 2019-09-13
17, 36, 2020-05-21
37, 714, 2019-07-27
22, 417, 2019-04-27
37, 519, 2018-11-17
40, 967, 2018-12-15
5, 526, 2018-09-21
26, 984, 2019-12-02
25, 802, 2019-12-25
67, 440, 2018-11-25
67, 712, 2018-11-16
29, 316, 2019-11-03
10, 502, 2020-03-19
62, 861, 2019-08-25
5, 421, 2020-08-01
9, 414, 2020-01-18
27, 208, 2020-06-27
27, 955, 2019-01-03
45, 148, 2018-10-07
28, 944, 2018-09-30
4, 835, 2019-02-18
30, 827, 2019-03-27
51, 6, 2019-08-29
27, 357, 2019-11-24
56, 920, 2020-06-07
21, 221, 2019-02-21
74, 571, 2019-09-29
37, 146, 2020-01-17
29, 296, 2019-07-06
53, 80, 2019-11-29
73, 706, 2019-01-15
46, 978, 2019-08-14
55, 701, 2018-12-23
5, 626, 2019-01-29
14, 9, 2018-12-20
17, 816, 2018-12-28
59, 253, 2019-03-09
22, 882, 2020-07-04
66, 873, 2019-12-03
22, 704, 2018-10-08
15, 535, 2020-08-19
45, 789, 2019-06-19
46, 580, 2019-02-24
31, 536, 2019-07-01
29, 129, 2018-11-09
34, 411, 2019-08-28
13, 368, 2019-04-14
56, 536, 2018-12-24
12, 10, 2019-07-18
51, 946, 2019-02-03
44, 961, 2018-11-10
65, 405, 2020-06-07
70, 34, 2019-03-06
15, 522, 2018-12-30
3, 501, 2019-11-27
37, 968, 2020-03-21
69, 849, 2020-06-17
40, 986, 2019-08-15
17, 923, 2019-03-28
45, 69, 2019-03-27
19, 880, 2019-01-26
4, 851, 2019-08-14
16, 2, 2019-04-08
36, 789, 2020-07-26
11, 65, 2018-12-14
13, 276, 2020-04-18
17, 651, 2020-02-19
37, 589, 2019-02-05
57, 405, 2018-11-09
60, 605, 2020-05-17
79, 302, 2019-03-01
21, 973, 2020-01-23
6, 502, 2020-02-18
12, 614, 2019-08-08
63, 107, 2018-10-07
42, 457, 2019-11-03
46, 467, 2019-06-04
30, 138, 2020-07-01
16, 22, 2019-04-13
38, 900, 2019-03-12
7, 196, 2019-09-10
59, 99, 2019-09-23
55, 839, 2020-02-27
39, 666, 2019-07-26
68, 940, 2019-09-21
49, 659, 2019-12-15
67, 629, 2019-10-13
24, 999, 2020-02-22
69, 745, 2020-05-31
8, 378, 2020-03-22
2, 739, 2019-04-20
2, 85, 2019-08-18
62, 275, 2019-04-06
77, 94, 2020-05-05
45, 154, 2018-10-25
67, 158, 2019-06-18
60, 912, 2020-09-03
24, 182, 2018-10-13
41, 758, 2019-09-30
43, 302, 2019-10-16
40, 681, 2019-08-10
13, 93, 2020-08-18
71, 32, 2019-03-05
33, 547, 2019-06-23
18, 12, 2020-02-20
77, 73, 2020-08-18
2, 949, 2020-05-02
72, 197, 2019-10-25
19, 43, 2019-02-03
24, 136, 2019-02-12
63, 128, 2019-11-10
21, 394, 2018-10-04
20, 590, 2019-09-15
3, 297, 2020-02-23
18, 388, 2020-01-29
47, 971, 2019-01-11
41, 589, 2020-09-02
76, 201, 2019-11-01
50, 315, 2019-07-10
38, 762, 2020-04-26
47, 633, 2019-12-18
44, 753, 2019-08-01
11, 696, 2019-05-16
35, 141, 2019-07-02
28, 527, 2018-10-07
48, 185, 2020-07-05
8, 927, 2019-03-19
73, 744, 2019-02-18
12, 510, 2019-10-21
8, 656, 2019-01-22
51, 723, 2019-10-01
62, 102, 2019-11-25
15, 101, 2019-01-26
10, 763, 2020-05-23
78, 393, 2020-04-07
77, 416, 2019-09-09
66, 217, 2019-10-09
15, 888, 2020-06-26
31, 477, 2018-10-16
74, 423, 2018-11-20
28, 609, 2019-05-09
4, 260, 2018-12-11
44, 255, 2019-04-21
53, 323, 2020-04-03
29, 518, 2020-03-04
74, 445, 2018-12-12
16, 456, 2020-05-18
75, 994, 2020-06-27
41, 584, 2020-01-22
39, 432, 2019-06-09
21, 849, 2019-03-10
30, 420, 2018-09-20
25, 402, 2019-03-27
37, 411, 2019-07-14
16, 922, 2019-01-09
26, 336, 2019-10-20
24, 958, 2020-01-24
21, 506, 2019-05-09
57, 232, 2019-04-29
52, 632, 2019-10-14
55, 807, 2020-07-27
46, 557, 2019-06-15
28, 689, 2020-08-27
2, 166, 2019-01-11
50, 458, 2020-06-14
58, 634, 2019-01-13
12, 353, 2020-06-19
47, 42, 2018-11-06
40, 666, 2019-09-06
27, 357, 2019-09-12
60, 307, 2020-01-25
18, 601, 2020-02-05
23, 437, 2019-03-23
65, 906, 2019-02-27
31, 910, 2019-08-13
6, 743, 2020-07-10
15, 199, 2019-09-16
3, 252, 2019-09-18
18, 59, 2019-07-24
57, 137, 2018-10-01
5, 520, 2019-10-06
52, 74, 2018-12-04
55, 979, 2018-10-12
69, 8, 2019-11-13
19, 51, 2020-04-04
66, 57, 2018-10-09
64, 811, 2020-06-15
44, 536, 2020-05-04
76, 150, 2020-06-05
4, 807, 2018-11-13
57, 406, 2020-09-11
47, 357, 2019-11-19
43, 203, 2019-08-14
73, 949, 2020-05-29
64, 351, 2020-02-09
23, 849, 2018-11-15
45, 611, 2019-08-27
25, 853, 2019-11-25
26, 63, 2019-09-03
15, 649, 2020-01-15
29, 860, 2020-06-23
36, 490, 2019-07-31
58, 600, 2018-12-19
38, 32, 2020-03-31
70, 489, 2020-08-08
40, 959, 2019-11-03
45, 948, 2019-01-03
13, 135, 2020-05-01
33, 579, 2019-01-25
55, 775, 2018-11-20
27, 827, 2020-03-09
34, 461, 2020-04-09
46, 240, 2020-08-21
61, 134, 2020-04-01
71, 447, 2019-12-22
8, 778, 2019-05-07
29, 241, 2019-12-02
21, 333, 2018-11-23
36, 991, 2020-09-12
80, 507, 2019-11-13
38, 147, 2020-06-01
67, 430, 2019-11-26
17, 202, 2020-06-30
32, 715, 2018-11-09
55, 851, 2018-12-20
3, 831, 2019-03-14
72, 772, 2020-01-23
61, 217, 2020-01-03
23, 498, 2018-09-25
64, 211, 2020-03-07
17, 899, 2019-08-17
73, 298, 2020-06-28
70, 648, 2019-07-23
50, 482, 2020-01-27
58, 82, 2019-01-04
49, 366, 2020-08-12
13, 489, 2020-04-16
69, 934, 2018-10-22
56, 872, 2018-12-05
17, 809, 2019-02-19
71, 241, 2018-09-18
14, 932, 2018-11-18
59, 277, 2020-07-04
32, 343, 2019-02-13
27, 892, 2018-10-02
68, 679, 2019-11-05
9, 265, 2019-01-21
34, 394, 2019-05-31
78, 550, 2018-12-10
42, 855, 2019-08-07
48, 169, 2020-02-14
19, 361, 2019-12-02
28, 13, 2019-11-14
29, 146, 2019-11-16
74, 99, 2019-04-06
73, 630, 2019-04-28
47, 701, 2020-03-08
36, 943, 2019-06-17
36, 580, 2020-04-19
46, 416, 2020-05-20
66, 823, 2019-09-20
58, 752, 2020-02-10
21, 230, 2020-06-22
36, 445, 2019-12-18
65, 532, 2020-04-29
60, 173, 2019-07-08
43, 133, 2019-04-15
69, 737, 2020-04-25
30, 361, 2019-01-31
77, 892, 2019-11-29
37, 82, 2019-07-24
35, 170, 2020-02-20
36, 239, 2018-12-30
43, 384, 2019-11-11
23, 815, 2019-07-28
21, 917, 2020-08-11
69, 166, 2020-05-12
19, 656, 2019-08-17
13, 30, 2018-11-14
53, 370, 2019-09-20
27, 93, 2020-01-13
63, 696, 2019-07-31
57, 266, 2019-01-08
67, 230, 2020-03-19
13, 117, 2019-02-24
19, 827, 2019-02-23
44, 466, 2019-10-11
8, 755, 2019-07-13
5, 499, 2019-10-01
14, 856, 2020-05-01
12, 953, 2019-12-30
74, 538, 2019-04-05
18, 335, 2020-09-03
80, 679, 2019-08-07
3, 241, 2018-11-17
75, 495, 2020-01-07
11, 66, 2020-03-24
16, 905, 2020-08-25
71, 891, 2019-05-30
28, 914, 2018-12-18
43, 448, 2019-11-28
63, 260, 2019-01-09
5, 865, 2020-05-13
52, 850, 2019-04-03
58, 849, 2019-09-18
39, 835, 2019-08-12
42, 356, 2019-12-19
30, 849, 2019-04-20
61, 779, 2020-04-27
10, 523, 2019-11-05
35, 865, 2018-12-23
17, 120, 2019-08-13
47, 986, 2019-02-04
56, 199, 2020-06-14
14, 975, 2019-08-14
42, 342, 2018-10-26
63, 624, 2019-04-01
28, 689, 2019-06-10
34, 717, 2019-07-28
60, 86, 2020-01-09
23, 425, 2019-11-18
36, 728, 2019-07-20
35, 471, 2020-03-30
15, 179, 2019-04-06
43, 534, 2019-07-11
67, 161, 2020-06-26
76, 951, 2018-10-19
68, 600, 2020-09-06
34, 152, 2020-04-29
35, 846, 2020-01-25
3, 56, 2018-12-04
80, 926, 2019-11-04
67, 482, 2019-05-02
49, 81, 2020-01-27
49, 913, 2020-04-11
79, 480, 2018-11-27
63, 336, 2020-01-09
75, 622, 2018-10-19
55, 170, 2019-04-23
1, 258, 2020-07-29
39, 156, 2019-01-13
34, 887, 2020-01-03
42, 831, 2019-04-30
39, 821, 2019-04-06
51, 655, 2020-06-02
36, 136, 2020-03-09
30, 113, 2020-01-08
49, 422, 2020-06-02
26, 390, 2019-09-29
46, 618, 2019-03-24
11, 359, 2020-06-26
68, 307, 2019-01-13
79, 519, 2019-11-03
29, 929, 2019-10-12
56, 729, 2020-04-14
58, 363, 2019-07-12
46, 711, 2019-03-30
9, 695, 2018-12-23
38, 10, 2020-07-20
43, 960, 2019-02-06
36, 387, 2020-04-30
30, 408, 2020-05-21
50, 457, 2020-07-24
13, 910, 2020-03-05
7, 921, 2020-09-11
61, 432, 2018-11-06
37, 302, 2020-03-15
41, 804, 2019-12-29
53, 980, 2019-03-12
27, 545, 2020-02-13
76, 10, 2019-11-27
56, 473, 2019-12-19
79, 346, 2019-11-28
6, 776, 2020-04-27
18, 185, 2020-04-22
66, 143, 2020-02-05
70, 256, 2019-06-07
47, 334, 2019-07-08
41, 622, 2018-09-24
17, 268, 2019-02-08
7, 182, 2019-04-27
56, 419, 2019-07-03
47, 442, 2019-10-12
71, 668, 2020-02-01
37, 616, 2019-08-09
74, 779, 2019-08-23
52, 851, 2020-04-19
58, 585, 2018-11-12
20, 395, 2019-08-19
54, 335, 2020-01-30
71, 199, 2019-10-24
41, 72, 2019-08-11
23, 121, 2020-08-24
57, 691, 2019-04-24
58, 352, 2020-03-16
45, 41, 2018-12-14
39, 930, 2019-10-11
75, 361, 2019-04-17
6, 877, 2020-07-31
76, 32, 2018-11-20
2, 148, 2019-10-28
37, 582, 2020-09-02
42, 98, 2020-04-21
32, 331, 2020-02-01
11, 26, 2019-12-31
29, 78, 2018-10-25
50, 744, 2020-06-11
76, 922, 2019-11-09
75, 84, 2019-06-15
38, 334, 2019-03-16
20, 103, 2020-05-31
4, 903, 2020-03-20
47, 141, 2018-10-08
22, 8, 2018-12-05
29, 212, 2018-11-26
29, 975, 2019-03-07
30, 695, 2019-10-26
66, 135, 2020-02-11
59, 338, 2019-11-13
53, 421, 2019-01-19
16, 492, 2019-12-11
27, 288, 2019-10-10
78, 366, 2019-11-03
26, 623, 2019-07-02
26, 22, 2019-07-03
53, 560, 2018-10-13
6, 750, 2019-10-11
25, 967, 2019-03-13
51, 374, 2019-08-07
11, 734, 2019-08-17
35, 903, 2020-03-06
22, 777, 2020-03-05
7, 586, 2020-03-05
68, 230, 2019-08-21
40, 5, 2020-05-18
73, 828, 2018-10-13
15, 351, 2020-09-09
40, 698, 2019-01-07
4, 743, 2020-04-26
71, 240, 2018-10-08
9, 814, 2019-01-24
22, 989, 2019-06-02
36, 114, 2019-12-24
33, 546, 2019-12-15
4, 598, 2020-02-22
3, 184, 2020-06-12
62, 56, 2020-06-13
52, 2, 2019-12-11
7, 855, 2019-02-11
33, 617, 2019-08-12
51, 820, 2019-10-17
12, 467, 2019-11-20
2, 689, 2020-02-23
68, 401, 2019-06-03
66, 788, 2019-10-02
11, 932, 2020-01-18
44, 988, 2019-12-24
6, 724, 2019-05-28
27, 376, 2020-06-05
9, 745, 2020-06-13
6, 224, 2019-12-27
36, 737, 2020-04-27
77, 617, 2019-12-12
75, 325, 2020-06-16
52, 520, 2020-04-03
35, 607, 2020-08-02
18, 940, 2019-01-14
43, 122, 2019-07-13
29, 424, 2020-07-05
62, 942, 2020-08-04
78, 900, 2020-06-15
72, 621, 2020-02-08
11, 574, 2020-03-01
2, 352, 2019-02-07
51, 914, 2020-01-05
33, 599, 2019-11-02
56, 881, 2020-04-20
73, 824, 2020-04-29
13, 985, 2018-11-17
19, 809, 2019-05-15
4, 99, 2020-03-17
71, 649, 2020-03-15
41, 538, 2019-06-30
14, 195, 2018-12-09
78, 693, 2020-08-25
69, 561, 2018-10-17
31, 407, 2020-02-24
59, 646, 2019-07-23
1, 699, 2019-04-28
75, 263, 2020-05-22
9, 221, 2018-10-12
21, 908, 2018-11-13
77, 380, 2020-09-03
26, 335, 2019-10-26
80, 503, 2018-12-18
55, 689, 2020-09-14
16, 716, 2018-12-24
18, 487, 2019-09-24
12, 302, 2019-04-26
21, 852, 2019-07-07
64, 800, 2019-02-05
47, 704, 2020-08-01
10, 52, 2019-03-19
78, 244, 2020-08-02
14, 608, 2019-07-08
39, 244, 2019-02-09
51, 375, 2020-05-07
9, 585, 2018-10-22
64, 121, 2020-05-20
53, 852, 2020-04-22
53, 184, 2020-01-02
56, 487, 2019-04-25
23, 856, 2018-10-18
9, 414, 2020-02-16
69, 709, 2019-04-07
75, 639, 2020-06-12
19, 540, 2019-08-17
25, 359, 2019-01-14
56, 221, 2019-05-14
8, 425, 2020-07-03
64, 733, 2020-04-29
31, 426, 2020-01-21
25, 965, 2019-07-21
74, 984, 2019-06-22
26, 831, 2019-11-17
55, 838, 2019-01-16
43, 49, 2020-01-11
13, 725, 2020-07-21
78, 863, 2019-06-27
79, 619, 2020-08-03
40, 691, 2020-08-23
28, 221, 2019-11-04
39, 582, 2019-03-12
78, 589, 2018-09-18
78, 484, 2018-10-20
2, 107, 2018-12-04
26, 814, 2019-06-11
57, 741, 2020-07-04
33, 248, 2020-06-22
60, 327, 2019-05-15
22, 998, 2018-10-30
59, 174, 2018-11-02
76, 150, 2019-11-13
72, 432, 2019-09-24
54, 397, 2019-12-15
55, 697, 2020-01-03
64, 799, 2020-06-09
33, 197, 2018-11-01
18, 610, 2020-02-14
12, 843, 2019-03-21
78, 103, 2019-06-28
67, 207, 2019-11-24
65, 574, 2020-03-19
36, 460, 2020-06-02
74, 763, 2020-01-06
29, 749, 2018-11-13
58, 608, 2019-06-01
71, 555, 2019-09-04
78, 245, 2018-10-31
6, 946, 2019-08-01
39, 915, 2020-06-29
3, 213, 2019-09-05
10, 211, 2019-06-03
27, 663, 2018-10-10
32, 713, 2019-09-23
17, 10, 2018-11-01
14, 514, 2019-01-03
47, 477, 2020-09-07
32, 29, 2019-05-12
49, 937, 2019-05-25
61, 880, 2020-03-09
46, 804, 2020-06-04
16, 258, 2020-08-11
34, 802, 2019-06-24
64, 882, 2020-04-20
33, 519, 2019-06-09
28, 469, 2020-01-04
42, 696, 2020-07-05
61, 725, 2020-05-16
9, 392, 2018-10-07
53, 237, 2020-09-09
60, 402, 2019-05-14
64, 602, 2019-04-14
59, 567, 2019-11-16
47, 390, 2019-09-18
44, 607, 2019-03-14
6, 547, 2020-09-16
46, 64, 2020-08-29
38, 113, 2018-11-25
41, 241, 2020-09-01
33, 380, 2019-12-15
67, 832, 2019-05-04
30, 900, 2020-03-11
76, 203, 2020-01-04
12, 828, 2020-09-13
14, 852, 2019-12-15
46, 744, 2020-05-21
51, 247, 2020-09-10
29, 257, 2020-09-14
70, 737, 2020-08-20
38, 544, 2019-02-15
21, 952, 2019-02-03
30, 992, 2020-06-04
35, 329, 2019-03-12
3, 456, 2020-01-24
34, 471, 2020-09-13
22, 692, 2020-01-10
19, 610, 2020-09-04
29, 120, 2018-11-14
77, 448, 2020-08-10
77, 831, 2019-08-30
18, 942, 2019-01-31
48, 451, 2020-05-04
57, 993, 2019-11-21
51, 576, 2019-12-07
43, 260, 2020-02-22
47, 766, 2019-01-08
36, 557, 2019-03-19
46, 853, 2018-10-29
26, 317, 2019-10-05
19, 175, 2019-01-29
79, 692, 2019-08-23
17, 669, 2019-03-14
14, 94, 2020-06-16
15, 588, 2020-03-01
13, 970, 2020-04-14
70, 735, 2019-08-08
55, 160, 2019-09-25
38, 707, 2019-11-30
52, 705, 2018-11-14
63, 25, 2020-01-10
56, 627, 2019-11-01
62, 923, 2019-03-06
4, 358, 2020-02-07
12, 8, 2019-08-28
46, 883, 2020-05-12
10, 881, 2019-06-03
11, 426, 2020-01-27
50, 977, 2020-09-03
47, 686, 2019-07-27
71, 20, 2019-06-04
8, 804, 2020-07-29
16, 987, 2018-12-26
60, 592, 2020-02-01
31, 843, 2020-03-16
4, 907, 2019-12-31
7, 136, 2020-06-03
70, 425, 2020-05-25
52, 432, 2019-01-01
56, 222, 2020-02-08
65, 927, 2020-07-05
75, 898, 2018-12-12
29, 900, 2018-11-26
70, 683, 2019-07-01
60, 197, 2019-12-23
11, 800, 2020-02-15
29, 89, 2020-08-31
38, 510, 2018-10-23
42, 241, 2019-08-11
13, 894, 2020-06-11
4, 37, 2019-06-15
57, 415, 2020-01-11
2, 177, 2018-09-24
38, 761, 2019-01-09
47, 397, 2018-12-18
5, 98, 2020-07-30
49, 455, 2020-02-12
13, 811, 2020-01-17
41, 314, 2020-05-31
61, 761, 2019-02-04
54, 360, 2018-11-12
14, 966, 2019-08-26
62, 863, 2019-04-07
72, 17, 2020-05-25
77, 731, 2019-11-17
10, 604, 2019-01-03
59, 566, 2019-07-20
63, 282, 2019-06-03
27, 174, 2020-08-02
11, 143, 2019-12-22
23, 409, 2018-11-14
26, 314, 2020-07-10
10, 335, 2020-08-31
39, 131, 2019-08-06
52, 844, 2019-12-22
77, 138, 2020-04-02
7, 996, 2019-12-21
55, 754, 2020-04-17
2, 830, 2020-07-20
59, 267, 2018-09-19
20, 23, 2018-10-22
71, 573, 2020-04-22
40, 567, 2019-01-31
52, 962, 2019-12-07
23, 30, 2019-08-18
61, 911, 2020-01-18
39, 720, 2019-04-21
11, 72, 2020-07-10
40, 878, 2019-11-18
30, 430, 2020-05-03
54, 421, 2019-12-20
66, 565, 2019-05-30
6, 27, 2019-08-11
63, 404, 2020-05-29
63, 389, 2018-09-25
19, 946, 2018-12-24
75, 445, 2019-10-30
21, 930, 2018-11-16
66, 413, 2018-12-21
74, 92, 2019-09-11
3, 428, 2019-09-28
71, 56, 2019-01-18
76, 471, 2019-04-08
36, 941, 2020-08-29
27, 828, 2019-12-07
7, 601, 2020-02-28
14, 402, 2019-09-13
42, 337, 2020-02-22
6, 169, 2019-05-04
27, 422, 2020-09-02
11, 101, 2020-07-12
65, 61, 2019-04-24
26, 447, 2019-09-19
51, 449, 2019-06-28
32, 504, 2019-10-19
5, 839, 2019-05-25
17, 174, 2020-07-01
50, 950, 2019-07-04
54, 280, 2020-02-01
3, 121, 2019-10-17
78, 293, 2020-03-19
36, 650, 2019-03-15
8, 445, 2019-05-19
59, 686, 2020-02-01
65, 650, 2020-02-24
43, 442, 2018-09-28
41, 384, 2019-08-01
63, 22, 2019-12-02
51, 623, 2019-06-09
48, 713, 2020-08-15
35, 485, 2018-11-18
39, 759, 2018-09-26
77, 343, 2020-04-09
24, 399, 2019-07-26
63, 180, 2019-06-22
56, 621, 2018-09-30
51, 294, 2019-03-25
24, 57, 2019-12-27
51, 274, 2020-07-03
55, 109, 2018-10-08
40, 262, 2020-07-21
40, 78, 2019-08-12
47, 101, 2019-02-13
29, 605, 2019-08-21
20, 590, 2019-01-31
8, 894, 2020-06-22
30, 842, 2019-08-14
22, 186, 2019-06-24
69, 880, 2020-01-28
36, 428, 2020-05-27
61, 109, 2020-03-11
27, 258, 2019-03-03
18, 472, 2020-05-20
11, 358, 2020-07-11
40, 2, 2019-02-22
36, 367, 2018-11-17
15, 191, 2019-08-19
5, 465, 2019-12-21
71, 844, 2019-04-26
25, 136, 2020-05-07
33, 449, 2019-01-05
28, 718, 2020-07-16
80, 166, 2019-05-27
69, 239, 2019-01-26
48, 562, 2019-10-21
47, 964, 2020-08-11
15, 237, 2020-08-09
9, 149, 2020-08-17
46, 967, 2019-09-03
16, 809, 2019-01-12
50, 623, 2020-06-01
69, 531, 2019-11-22
37, 740, 2019-12-15
12, 481, 2019-07-04
7, 200, 2020-07-05
24, 212, 2019-12-04
75, 609, 2020-02-27
15, 72, 2018-10-09
80, 251, 2019-02-27
72, 442, 2020-03-09
13, 685, 2019-12-21
23, 75, 2019-05-27
25, 604, 2020-06-27
49, 153, 2019-03-27
53, 676, 2019-10-25
44, 786, 2018-11-03
64, 503, 2020-04-19
17, 969, 2019-12-21
42, 409, 2018-10-11
61, 883, 2020-04-03
34, 486, 2020-04-06
3, 752, 2019-02-10
57, 31, 2020-06-17
69, 399, 2020-01-20
15, 360, 2019-12-19
70, 923, 2019-09-11
51, 763, 2019-08-03
60, 489, 2018-12-28
25, 365, 2019-08-25
9, 570, 2020-06-21
38, 302, 2018-10-16
19, 283, 2018-12-14
14, 226, 2020-08-07
18, 547, 2019-05-03
9, 204, 2019-07-21
32, 844, 2020-05-23
3, 225, 2019-02-19
25, 2, 2019-11-05
47, 8, 2019-04-03
5, 92, 2019-06-08
60, 885, 2018-10-30
79, 591, 2020-09-06
63, 293, 2019-04-12
36, 901, 2020-02-15
64, 537, 2019-09-22
8, 960, 2019-10-02
65, 408, 2018-09-28
47, 667, 2020-06-28
39, 459, 2019-12-15
72, 176, 2020-07-31
62, 40, 2018-11-02
62, 866, 2019-07-20
16, 639, 2018-10-10
58, 113, 2019-12-18
22, 559, 2018-12-28
56, 115, 2019-01-28
24, 390, 2019-08-18
39, 389, 2019-04-20
50, 34, 2019-10-26
68, 123, 2020-04-20
63, 261, 2018-09-22
61, 793, 2019-11-24
62, 233, 2019-02-19
61, 771, 2020-09-12
53, 74, 2019-05-29
73, 874, 2019-09-12
23, 533, 2020-04-30
74, 627, 2019-01-28
19, 725, 2020-09-02
50, 248, 2020-02-29
59, 378, 2020-04-18
2, 945, 2019-07-07
68, 959, 2020-03-03
31, 990, 2019-01-10
34, 297, 2018-10-23
3, 37, 2018-11-11
3, 931, 2019-09-17
56, 227, 2019-08-07
14, 739, 2020-03-19
11, 121, 2020-06-18
43, 970, 2019-12-26
40, 926, 2020-06-29
50, 926, 2019-11-23
10, 695, 2018-12-17
39, 214, 2019-01-10
50, 687, 2019-12-02
28, 238, 2018-11-27
77, 578, 2019-03-21
55, 97, 2019-12-16
76, 15, 2020-08-31
29, 614, 2020-03-28
25, 233, 2018-09-28
29, 801, 2020-09-07
37, 739, 2019-04-08
51, 856, 2020-02-27
5, 992, 2018-11-06
45, 151, 2018-12-20
76, 622, 2020-02-21
67, 316, 2019-08-15
63, 117, 2018-09-23
49, 493, 2020-03-04
2, 752, 2020-04-29
32, 899, 2020-08-12
50, 358, 2019-06-21
64, 689, 2020-03-28
30, 542, 2018-11-30
51, 348, 2019-06-29
14, 342, 2018-11-23
74, 40, 2019-06-08
41, 573, 2018-11-07
71, 342, 2020-08-23
67, 494, 2020-01-02
72, 653, 2019-10-03
39, 427, 2020-02-03
1, 624, 2019-09-16
39, 91, 2019-09-24
14, 53, 2019-05-13
76, 935, 2019-06-09
78, 636, 2019-12-30
39, 425, 2018-11-25
75, 95, 2019-10-25
57, 61, 2019-11-29
52, 992, 2020-02-19
19, 105, 2020-05-01
16, 482, 2020-01-09
73, 267, 2020-05-23
60, 964, 2019-09-14
53, 683, 2020-05-18
37, 980, 2019-10-12
23, 875, 2019-04-09
65, 812, 2019-04-15
47, 363, 2019-02-04
18, 323, 2019-08-12
46, 822, 2020-01-25
41, 289, 2019-07-22
16, 160, 2020-04-24
37, 849, 2019-04-23
16, 349, 2019-09-12
72, 306, 2019-02-03
52, 912, 2020-04-20
38, 803, 2020-06-06
7, 501, 2018-11-07
10, 248, 2020-02-20
71, 181, 2018-11-03
16, 564, 2020-03-25
56, 259, 2019-05-15
54, 176, 2019-10-23
11, 112, 2019-04-30
52, 273, 2019-06-02
26, 656, 2020-04-28
24, 946, 2019-05-06
59, 542, 2019-05-12
52, 333, 2020-06-19
7, 135, 2019-03-24
17, 2, 2020-07-19
36, 332, 2018-12-12
42, 352, 2018-11-08
78, 362, 2019-01-01
7, 391, 2020-05-22
34, 796, 2020-08-07
38, 134, 2019-11-17
49, 430, 2019-09-14
4, 870, 2019-08-21
44, 365, 2020-04-23
60, 825, 2019-04-11
27, 50, 2019-10-24
49, 766, 2020-06-27
73, 190, 2018-09-30
47, 550, 2020-02-11
34, 499, 2019-12-09
11, 133, 2020-02-04
28, 566, 2020-07-03
45, 574, 2019-07-15
6, 552, 2019-05-24
35, 412, 2018-11-16
4, 941, 2020-06-16
20, 854, 2020-08-20
8, 622, 2019-05-01
28, 616, 2019-08-12
58, 654, 2019-01-14
11, 839, 2019-03-02
15, 525, 2019-05-03
3, 107, 2020-06-09
76, 301, 2020-08-22
71, 563, 2019-04-10
23, 963, 2020-06-26
5, 4, 2019-01-28
54, 802, 2018-11-30
80, 520, 2019-04-25
68, 116, 2019-04-16
11, 365, 2019-10-30
24, 473, 2020-07-09
52, 777, 2019-09-05
35, 229, 2019-11-03
58, 764, 2020-08-02
48, 453, 2020-02-13
57, 231, 2018-12-18
10, 776, 2019-04-21
65, 987, 2020-07-27
80, 641, 2018-12-16
66, 428, 2019-07-04
11, 610, 2018-12-10
62, 961, 2020-04-23
6, 556, 2018-11-15
57, 212, 2019-04-29
56, 669, 2019-10-20
8, 639, 2020-06-16
9, 458, 2020-05-27
5, 965, 2020-02-11
18, 437, 2020-02-02
24, 289, 2019-08-30
68, 705, 2019-05-25
9, 694, 2020-01-13
33, 655, 2020-03-02
2, 27, 2020-04-07
2, 457, 2018-12-17
37, 725, 2020-08-23
71, 326, 2020-06-07
57, 895, 2019-11-25
55, 284, 2020-07-18
77, 44, 2020-06-19
38, 304, 2019-05-28
46, 415, 2018-11-22
11, 632, 2020-01-12
3, 888, 2020-08-06
78, 753, 2020-03-08
27, 422, 2020-05-07
53, 967, 2020-05-03
13, 431, 2019-09-23
8, 988, 2019-01-15
51, 929, 2018-09-23
29, 997, 2020-04-30
40, 725, 2020-03-30
54, 404, 2020-01-11
68, 278, 2019-07-15
40, 186, 2019-08-03
24, 531, 2019-07-01
18, 889, 2019-09-16
18, 697, 2020-02-23
69, 959, 2020-04-02
58, 939, 2019-01-12
79, 963, 2018-12-12
10, 827, 2019-10-13
42, 14, 2019-05-30
63, 210, 2019-12-27
71, 683, 2019-05-12
65, 223, 2019-03-06
36, 580, 2020-08-25
40, 84, 2019-05-15
35, 661, 2018-12-24
10, 95, 2018-11-13
54, 226, 2020-03-18
20, 673, 2019-05-27
15, 498, 2019-01-24
31, 241, 2019-02-25
44, 578, 2018-11-17
61, 129, 2020-08-25
70, 258, 2019-04-14
60, 384, 2018-12-31
22, 956, 2019-05-12
41, 331, 2020-07-24
56, 219, 2020-03-12
15, 840, 2019-04-04
20, 291, 2019-02-12
53, 716, 2019-11-19
61, 360, 2019-03-10
33, 727, 2020-07-08
47, 937, 2020-05-21
16, 205, 2019-06-23
56, 227, 2019-03-05
28, 627, 2020-03-01
45, 500, 2019-03-06
13, 932, 2020-01-24
20, 537, 2018-11-03
3, 737, 2018-11-18
42, 589, 2019-08-28
30, 800, 2020-03-23
39, 877, 2019-08-20
72, 480, 2018-10-25
76, 720, 2018-10-25
18, 217, 2020-07-31
62, 43, 2019-08-19
65, 876, 2020-06-13
68, 360, 2019-08-16
4, 394, 2020-07-17
23, 516, 2019-02-24
4, 141, 2020-08-10
64, 860, 2020-07-30
18, 866, 2020-03-02
55, 856, 2020-04-09
25, 876, 2019-10-10
74, 206, 2020-03-21
59, 169, 2019-03-12
22, 181, 2019-12-04
12, 266, 2020-05-28
27, 728, 2019-07-07
65, 434, 2019-09-27
41, 67, 2019-09-07
26, 264, 2019-02-09
22, 27, 2018-12-17
64, 767, 2019-07-06
46, 161, 2020-08-09
25, 128, 2019-07-24
23, 244, 2019-02-13
67, 266, 2019-01-31
36, 855, 2019-05-21
68, 146, 2019-08-17
74, 877, 2019-07-07
3, 968, 2019-08-05
29, 369, 2019-04-08
73, 519, 2020-08-06
64, 523, 2019-08-27
69, 648, 2019-05-07
23, 546, 2019-12-31
19, 757, 2018-10-10
12, 635, 2019-05-18
52, 389, 2019-08-21
29, 317, 2019-05-21
19, 448, 2019-11-06
8, 186, 2018-12-28
64, 372, 2019-03-02
1, 46, 2019-12-07
30, 648, 2020-02-21
63, 548, 2020-07-14
15, 922, 2019-11-14
49, 336, 2018-11-04
6, 627, 2020-03-07
11, 141, 2018-11-29
78, 815, 2019-04-19
8, 514, 2020-01-11
9, 30, 2019-02-01
64, 646, 2020-08-09
63, 419, 2020-02-08
39, 175, 2018-12-29
36, 930, 2020-03-16
16, 540, 2019-02-10
42, 273, 2018-11-30
45, 735, 2018-11-02
44, 569, 2020-01-04
9, 490, 2019-08-06
33, 668, 2019-08-27
36, 530, 2020-02-08
78, 544, 2020-06-18
77, 291, 2019-06-19
78, 242, 2019-02-09
13, 651, 2018-12-16
65, 860, 2020-05-13
67, 598, 2019-11-04
62, 988, 2020-08-12
78, 918, 2019-04-15
55, 317, 2019-12-10
23, 527, 2020-05-24
9, 644, 2019-10-08
75, 107, 2019-08-12
73, 828, 2019-05-14
16, 939, 2019-02-08
54, 531, 2019-03-12
21, 520, 2020-08-15
17, 374, 2020-06-29
5, 424, 2019-12-17
72, 726, 2019-10-05
59, 992, 2019-07-25
28, 904, 2020-06-14
24, 54, 2018-11-12
73, 920, 2019-08-22
58, 723, 2018-11-03
3, 820, 2019-03-08
17, 704, 2020-02-13
76, 797, 2019-04-26
61, 152, 2019-02-27
63, 891, 2020-06-25
72, 192, 2018-09-26
20, 405, 2019-02-27
30, 74, 2020-04-17
1, 926, 2019-09-11
64, 160, 2020-07-10
23, 968, 2019-03-07
31, 763, 2020-05-06
3, 830, 2019-11-28
67, 818, 2019-10-09
29, 268, 2018-12-25
18, 58, 2020-09-09
74, 907, 2019-04-24
50, 831, 2019-05-02
62, 620, 2018-11-25
41, 92, 2020-02-24
62, 205, 2019-10-17
51, 558, 2020-06-10
37, 475, 2019-07-23
73, 325, 2020-07-23
71, 995, 2019-02-28
29, 63, 2019-11-22
74, 660, 2019-12-17
58, 18, 2020-06-17
44, 522, 2019-08-23
62, 955, 2020-07-11
33, 308, 2020-07-29
30, 616, 2019-05-02
21, 441, 2019-12-02
34, 847, 2019-12-15
34, 477, 2020-03-18
18, 388, 2019-11-09
54, 12, 2019-02-23
46, 483, 2020-03-30
31, 703, 2019-11-17
72, 149, 2019-07-05
78, 100, 2019-01-26
30, 221, 2019-11-03
49, 594, 2020-07-11
18, 347, 2020-04-15
15, 825, 2020-06-05
74, 673, 2018-10-13
55, 216, 2019-11-25
31, 832, 2019-02-25
58, 679, 2020-01-24
27, 302, 2020-05-11
51, 600, 2018-12-16
37, 363, 2019-11-21
13, 583, 2020-05-28
78, 654, 2020-03-14
62, 757, 2020-07-16
34, 694, 2019-11-13
66, 549, 2019-04-11
3, 109, 2020-01-30
51, 420, 2019-07-06
18, 404, 2019-01-21
78, 77, 2019-07-31
57, 804, 2020-08-28
30, 275, 2018-10-02
12, 760, 2020-02-07
47, 104, 2019-04-23
42, 375, 2020-09-04
64, 381, 2020-02-19
55, 116, 2020-04-17
74, 142, 2020-01-14
61, 742, 2019-03-14
71, 860, 2019-04-27
3, 748, 2019-10-24
57, 265, 2020-03-28
14, 811, 2019-01-24
40, 92, 2019-06-13
28, 929, 2018-12-12
74, 222, 2019-01-16
52, 96, 2020-07-26
15, 736, 2019-04-19
27, 634, 2020-08-20
39, 859, 2019-06-18
50, 160, 2020-03-12
18, 55, 2020-01-14
33, 311, 2020-03-28
19, 150, 2020-07-24
62, 546, 2019-04-25
53, 895, 2019-06-30
47, 957, 2019-07-31
2, 423, 2020-04-11
14, 572, 2020-01-31
39, 514, 2020-07-31
7, 211, 2020-02-07
49, 326, 2020-04-04
40, 325, 2019-09-30
47, 744, 2020-09-07
59, 741, 2020-01-23
39, 731, 2020-04-30
22, 526, 2019-03-20
8, 965, 2019-07-21
13, 190, 2019-06-05
8, 983, 2019-05-11
72, 765, 2018-11-20
39, 252, 2020-06-01
26, 734, 2019-06-19
26, 991, 2019-06-18
62, 332, 2018-11-13
22, 850, 2019-10-10
41, 900, 2020-01-23
43, 704, 2019-05-17
42, 658, 2020-05-25
76, 711, 2020-07-13
29, 315, 2019-02-26
26, 861, 2020-09-04
25, 898, 2020-08-29
2, 309, 2019-12-21
38, 845, 2019-01-27
59, 109, 2019-07-04
57, 734, 2019-11-16
77, 852, 2019-09-26
77, 599, 2020-05-02
69, 332, 2019-12-07
40, 686, 2019-04-25
15, 353, 2019-12-16
48, 645, 2020-04-17
71, 288, 2020-06-03
41, 478, 2020-08-01
25, 262, 2019-02-11
33, 179, 2019-04-11
79, 435, 2020-02-09
29, 669, 2019-10-19
42, 742, 2020-05-16
35, 199, 2019-12-08
3, 423, 2018-09-26
12, 220, 2020-02-20
7, 483, 2020-07-31
79, 321, 2018-09-23
17, 472, 2019-02-21
23, 241, 2019-11-28
54, 808, 2020-02-25
30, 31, 2018-10-08
6, 497, 2019-02-13
7, 925, 2019-01-11
58, 258, 2019-05-26
15, 997, 2020-01-28
72, 66, 2020-05-16
1, 862, 2018-12-17
74, 861, 2020-08-23
48, 788, 2020-01-29
14, 193, 2020-01-29
8, 276, 2019-09-28
38, 565, 2020-05-15
38, 175, 2018-12-22
39, 188, 2020-06-08
72, 373, 2018-11-05
69, 405, 2020-06-29
21, 690, 2019-09-16
4, 107, 2018-12-01
38, 672, 2020-06-23
75, 244, 2019-04-30
76, 685, 2019-07-08
29, 883, 2019-08-12
58, 398, 2019-05-19
70, 69, 2020-06-10
72, 55, 2019-10-03
51, 912, 2019-01-11
71, 994, 2019-12-09
30, 383, 2020-06-03
9, 180, 2019-09-30
3, 898, 2019-02-04
22, 45, 2018-10-17
50, 704, 2020-04-27
37, 355, 2019-02-02
35, 107, 2018-11-08
36, 900, 2020-08-23
17, 882, 2019-03-12
51, 766, 2019-04-16
63, 744, 2019-02-28
29, 599, 2019-09-14
54, 276, 2019-03-05
19, 14, 2018-11-18
78, 765, 2018-09-24
17, 786, 2019-02-21
36, 996, 2019-09-24
72, 135, 2020-04-27
51, 28, 2019-02-12
69, 560, 2020-06-11
49, 866, 2019-08-25
54, 150, 2020-03-15
60, 25, 2019-09-15
20, 922, 2020-01-14
49, 949, 2018-12-23
56, 118, 2018-12-04
14, 623, 2020-01-03
74, 242, 2018-12-14
5, 67, 2019-08-03
26, 430, 2019-12-02
46, 847, 2020-03-28
50, 700, 2020-04-12
69, 74, 2020-07-20
39, 244, 2020-03-22
38, 405, 2019-10-11
45, 193, 2019-06-08
54, 957, 2018-10-15
64, 989, 2020-09-13
36, 894, 2019-05-29
20, 73, 2019-01-12
9, 157, 2020-02-02
71, 314, 2020-08-04
46, 340, 2019-10-29
38, 356, 2020-01-10
56, 558, 2020-01-15
75, 819, 2019-11-25
7, 623, 2019-03-15
50, 440, 2020-08-14
13, 560, 2020-06-07
28, 163, 2019-08-16
1, 797, 2020-07-14
28, 383, 2019-03-07
11, 505, 2019-07-23
47, 37, 2019-06-26
1, 204, 2020-01-20
45, 600, 2019-12-07
56, 135, 2020-03-06
29, 976, 2020-07-21
55, 735, 2018-12-21
5, 342, 2018-11-13
3, 94, 2020-07-20
69, 206, 2019-08-06
60, 287, 2019-10-24
43, 477, 2019-05-23
10, 798, 2019-08-30
8, 800, 2018-10-17
42, 359, 2019-01-28
71, 821, 2019-11-12
77, 664, 2019-05-02
2, 385, 2020-03-21
6, 409, 2019-02-08
